"Number of months",480
"Number of groups",22
"Group number",1,2,3,4,5,6,7,8,9,10,11,12,13,14,15,16,17,18,19,20,21,22
"Forcing type",4,4,4,4,4,4,4,4,4,4,4,4,4,4,4,4,4,4,4,4,4,4
"Group name",Dolphins,Bonito,Bluefish,"A. Mackerel",Whiting,Turbot,"R. Mullet",Dogfish,"H. Mackerel",Shad,Sprat,"Anchovy 0-0+","Anchovy 1-1+",Aurelia,Beroe,Mnemiopsis,Pleurobrachia,Noctiluca,Zooplankton,Phytoplankton,POM,Detritus
"Month 1",0.3,0.5,0.5,0.5121,0.1297,0.3434,0.2,0.113,0.34607,0.537,0.0411,-999,0.2795,-999,-999,-999,-999,-999,-999,-999,-999,-999
"Month 2",0.3,0.5,0.5,0.5121,0.1297,0.3434,0.2,0.113,0.34607,0.537,0.0411,-999,0.2795,-999,-999,-999,-999,-999,-999,-999,-999,-999
"Month 3",0.3,0.5,0.5,0.5121,0.1297,0.3434,0.2,0.113,0.34607,0.537,0.0411,-999,0.2795,-999,-999,-999,-999,-999,-999,-999,-999,-999
"Month 4",0.3,0.5,0.5,0.5121,0.1297,0.3434,0.2,0.113,0.34607,0.537,0.0411,-999,0.2795,-999,-999,-999,-999,-999,-999,-999,-999,-999
"Month 5",0.3,0.5,0.5,0.5121,0.1297,0.3434,0.2,0.113,0.34607,0.537,0.0411,-999,0.2795,-999,-999,-999,-999,-999,-999,-999,-999,-999
"Month 6",0.3,0.5,0.5,0.5121,0.1297,0.3434,0.2,0.113,0.34607,0.537,0.0411,-999,0.2795,-999,-999,-999,-999,-999,-999,-999,-999,-999
"Month 7",0.3,0.5,0.5,0.5121,0.1297,0.3434,0.2,0.113,0.34607,0.537,0.0411,-999,0.2795,-999,-999,-999,-999,-999,-999,-999,-999,-999
"Month 8",0.3,0.5,0.5,0.5121,0.1297,0.3434,0.2,0.113,0.34607,0.537,0.0411,-999,0.2795,-999,-999,-999,-999,-999,-999,-999,-999,-999
"Month 9",0.3,0.5,0.5,0.5121,0.1297,0.3434,0.2,0.113,0.34607,0.537,0.0411,-999,0.2795,-999,-999,-999,-999,-999,-999,-999,-999,-999
"Month 10",0.3,0.5,0.5,0.5121,0.1297,0.3434,0.2,0.113,0.34607,0.537,0.0411,-999,0.2795,-999,-999,-999,-999,-999,-999,-999,-999,-999
"Month 11",0.3,0.5,0.5,0.5121,0.1297,0.3434,0.2,0.113,0.34607,0.537,0.0411,-999,0.2795,-999,-999,-999,-999,-999,-999,-999,-999,-999
"Month 12",0.3,0.5,0.5,0.5121,0.1297,0.3434,0.2,0.113,0.34607,0.537,0.0411,-999,0.2795,-999,-999,-999,-999,-999,-999,-999,-999,-999
"Month 13",0.3,0.5,0.5,0.4599,0.1297,0.3434,0.2,0.113,0.24251,0.537,0.02002,-999,0.2795,-999,-999,-999,-999,-999,-999,-999,-999,-999
"Month 14",0.3,0.5,0.5,0.4599,0.1297,0.3434,0.2,0.113,0.24251,0.537,0.02002,-999,0.2795,-999,-999,-999,-999,-999,-999,-999,-999,-999
"Month 15",0.3,0.5,0.5,0.4599,0.1297,0.3434,0.2,0.113,0.24251,0.537,0.02002,-999,0.2795,-999,-999,-999,-999,-999,-999,-999,-999,-999
"Month 16",0.3,0.5,0.5,0.4599,0.1297,0.3434,0.2,0.113,0.24251,0.537,0.02002,-999,0.2795,-999,-999,-999,-999,-999,-999,-999,-999,-999
"Month 17",0.3,0.5,0.5,0.4599,0.1297,0.3434,0.2,0.113,0.24251,0.537,0.02002,-999,0.2795,-999,-999,-999,-999,-999,-999,-999,-999,-999
"Month 18",0.3,0.5,0.5,0.4599,0.1297,0.3434,0.2,0.113,0.24251,0.537,0.02002,-999,0.2795,-999,-999,-999,-999,-999,-999,-999,-999,-999
"Month 19",0.3,0.5,0.5,0.4599,0.1297,0.3434,0.2,0.113,0.24251,0.537,0.02002,-999,0.2795,-999,-999,-999,-999,-999,-999,-999,-999,-999
"Month 20",0.3,0.5,0.5,0.4599,0.1297,0.3434,0.2,0.113,0.24251,0.537,0.02002,-999,0.2795,-999,-999,-999,-999,-999,-999,-999,-999,-999
"Month 21",0.3,0.5,0.5,0.4599,0.1297,0.3434,0.2,0.113,0.24251,0.537,0.02002,-999,0.2795,-999,-999,-999,-999,-999,-999,-999,-999,-999
"Month 22",0.3,0.5,0.5,0.4599,0.1297,0.3434,0.2,0.113,0.24251,0.537,0.02002,-999,0.2795,-999,-999,-999,-999,-999,-999,-999,-999,-999
"Month 23",0.3,0.5,0.5,0.4599,0.1297,0.3434,0.2,0.113,0.24251,0.537,0.02002,-999,0.2795,-999,-999,-999,-999,-999,-999,-999,-999,-999
"Month 24",0.3,0.5,0.5,0.4599,0.1297,0.3434,0.2,0.113,0.24251,0.537,0.02002,-999,0.2795,-999,-999,-999,-999,-999,-999,-999,-999,-999
"Month 25",0.3,0.5,0.5,0.3712,0.1297,0.3434,0.2,0.113,0.38221,0.537,0.03096,-999,0.2795,-999,-999,-999,-999,-999,-999,-999,-999,-999
"Month 26",0.3,0.5,0.5,0.3712,0.1297,0.3434,0.2,0.113,0.38221,0.537,0.03096,-999,0.2795,-999,-999,-999,-999,-999,-999,-999,-999,-999
"Month 27",0.3,0.5,0.5,0.3712,0.1297,0.3434,0.2,0.113,0.38221,0.537,0.03096,-999,0.2795,-999,-999,-999,-999,-999,-999,-999,-999,-999
"Month 28",0.3,0.5,0.5,0.3712,0.1297,0.3434,0.2,0.113,0.38221,0.537,0.03096,-999,0.2795,-999,-999,-999,-999,-999,-999,-999,-999,-999
"Month 29",0.3,0.5,0.5,0.3712,0.1297,0.3434,0.2,0.113,0.38221,0.537,0.03096,-999,0.2795,-999,-999,-999,-999,-999,-999,-999,-999,-999
"Month 30",0.3,0.5,0.5,0.3712,0.1297,0.3434,0.2,0.113,0.38221,0.537,0.03096,-999,0.2795,-999,-999,-999,-999,-999,-999,-999,-999,-999
"Month 31",0.3,0.5,0.5,0.3712,0.1297,0.3434,0.2,0.113,0.38221,0.537,0.03096,-999,0.2795,-999,-999,-999,-999,-999,-999,-999,-999,-999
"Month 32",0.3,0.5,0.5,0.3712,0.1297,0.3434,0.2,0.113,0.38221,0.537,0.03096,-999,0.2795,-999,-999,-999,-999,-999,-999,-999,-999,-999
"Month 33",0.3,0.5,0.5,0.3712,0.1297,0.3434,0.2,0.113,0.38221,0.537,0.03096,-999,0.2795,-999,-999,-999,-999,-999,-999,-999,-999,-999
"Month 34",0.3,0.5,0.5,0.3712,0.1297,0.3434,0.2,0.113,0.38221,0.537,0.03096,-999,0.2795,-999,-999,-999,-999,-999,-999,-999,-999,-999
"Month 35",0.3,0.5,0.5,0.3712,0.1297,0.3434,0.2,0.113,0.38221,0.537,0.03096,-999,0.2795,-999,-999,-999,-999,-999,-999,-999,-999,-999
"Month 36",0.3,0.5,0.5,0.3712,0.1297,0.3434,0.2,0.113,0.38221,0.537,0.03096,-999,0.2795,-999,-999,-999,-999,-999,-999,-999,-999,-999
"Month 37",0.3,0.5,0.5,0.5345,0.1297,0.3434,0.2,0.113,0.44987,0.537,0.0316,-999,0.2795,-999,-999,-999,-999,-999,-999,-999,-999,-999
"Month 38",0.3,0.5,0.5,0.5345,0.1297,0.3434,0.2,0.113,0.44987,0.537,0.0316,-999,0.2795,-999,-999,-999,-999,-999,-999,-999,-999,-999
"Month 39",0.3,0.5,0.5,0.5345,0.1297,0.3434,0.2,0.113,0.44987,0.537,0.0316,-999,0.2795,-999,-999,-999,-999,-999,-999,-999,-999,-999
"Month 40",0.3,0.5,0.5,0.5345,0.1297,0.3434,0.2,0.113,0.44987,0.537,0.0316,-999,0.2795,-999,-999,-999,-999,-999,-999,-999,-999,-999
"Month 41",0.3,0.5,0.5,0.5345,0.1297,0.3434,0.2,0.113,0.44987,0.537,0.0316,-999,0.2795,-999,-999,-999,-999,-999,-999,-999,-999,-999
"Month 42",0.3,0.5,0.5,0.5345,0.1297,0.3434,0.2,0.113,0.44987,0.537,0.0316,-999,0.2795,-999,-999,-999,-999,-999,-999,-999,-999,-999
"Month 43",0.3,0.5,0.5,0.5345,0.1297,0.3434,0.2,0.113,0.44987,0.537,0.0316,-999,0.2795,-999,-999,-999,-999,-999,-999,-999,-999,-999
"Month 44",0.3,0.5,0.5,0.5345,0.1297,0.3434,0.2,0.113,0.44987,0.537,0.0316,-999,0.2795,-999,-999,-999,-999,-999,-999,-999,-999,-999
"Month 45",0.3,0.5,0.5,0.5345,0.1297,0.3434,0.2,0.113,0.44987,0.537,0.0316,-999,0.2795,-999,-999,-999,-999,-999,-999,-999,-999,-999
"Month 46",0.3,0.5,0.5,0.5345,0.1297,0.3434,0.2,0.113,0.44987,0.537,0.0316,-999,0.2795,-999,-999,-999,-999,-999,-999,-999,-999,-999
"Month 47",0.3,0.5,0.5,0.5345,0.1297,0.3434,0.2,0.113,0.44987,0.537,0.0316,-999,0.2795,-999,-999,-999,-999,-999,-999,-999,-999,-999
"Month 48",0.3,0.5,0.5,0.5345,0.1297,0.3434,0.2,0.113,0.44987,0.537,0.0316,-999,0.2795,-999,-999,-999,-999,-999,-999,-999,-999,-999
"Month 49",0.3,0.5,0.5,0.2558,0.1297,0.3434,0.2,0.113,0.4134,0.537,0.08228,-999,0.2795,-999,-999,-999,-999,-999,-999,-999,-999,-999
"Month 50",0.3,0.5,0.5,0.2558,0.1297,0.3434,0.2,0.113,0.4134,0.537,0.08228,-999,0.2795,-999,-999,-999,-999,-999,-999,-999,-999,-999
"Month 51",0.3,0.5,0.5,0.2558,0.1297,0.3434,0.2,0.113,0.4134,0.537,0.08228,-999,0.2795,-999,-999,-999,-999,-999,-999,-999,-999,-999
"Month 52",0.3,0.5,0.5,0.2558,0.1297,0.3434,0.2,0.113,0.4134,0.537,0.08228,-999,0.2795,-999,-999,-999,-999,-999,-999,-999,-999,-999
"Month 53",0.3,0.5,0.5,0.2558,0.1297,0.3434,0.2,0.113,0.4134,0.537,0.08228,-999,0.2795,-999,-999,-999,-999,-999,-999,-999,-999,-999
"Month 54",0.3,0.5,0.5,0.2558,0.1297,0.3434,0.2,0.113,0.4134,0.537,0.08228,-999,0.2795,-999,-999,-999,-999,-999,-999,-999,-999,-999
"Month 55",0.3,0.5,0.5,0.2558,0.1297,0.3434,0.2,0.113,0.4134,0.537,0.08228,-999,0.2795,-999,-999,-999,-999,-999,-999,-999,-999,-999
"Month 56",0.3,0.5,0.5,0.2558,0.1297,0.3434,0.2,0.113,0.4134,0.537,0.08228,-999,0.2795,-999,-999,-999,-999,-999,-999,-999,-999,-999
"Month 57",0.3,0.5,0.5,0.2558,0.1297,0.3434,0.2,0.113,0.4134,0.537,0.08228,-999,0.2795,-999,-999,-999,-999,-999,-999,-999,-999,-999
"Month 58",0.3,0.5,0.5,0.2558,0.1297,0.3434,0.2,0.113,0.4134,0.537,0.08228,-999,0.2795,-999,-999,-999,-999,-999,-999,-999,-999,-999
"Month 59",0.3,0.5,0.5,0.2558,0.1297,0.3434,0.2,0.113,0.4134,0.537,0.08228,-999,0.2795,-999,-999,-999,-999,-999,-999,-999,-999,-999
"Month 60",0.3,0.5,0.5,0.2558,0.1297,0.3434,0.2,0.113,0.4134,0.537,0.08228,-999,0.2795,-999,-999,-999,-999,-999,-999,-999,-999,-999
"Month 61",0.3,0.5,0.5,0.3268,0.1297,0.3434,0.2,0.113,0.40936,0.537,0.08402,-999,0.2795,-999,-999,-999,-999,-999,-999,-999,-999,-999
"Month 62",0.3,0.5,0.5,0.3268,0.1297,0.3434,0.2,0.113,0.40936,0.537,0.08402,-999,0.2795,-999,-999,-999,-999,-999,-999,-999,-999,-999
"Month 63",0.3,0.5,0.5,0.3268,0.1297,0.3434,0.2,0.113,0.40936,0.537,0.08402,-999,0.2795,-999,-999,-999,-999,-999,-999,-999,-999,-999
"Month 64",0.3,0.5,0.5,0.3268,0.1297,0.3434,0.2,0.113,0.40936,0.537,0.08402,-999,0.2795,-999,-999,-999,-999,-999,-999,-999,-999,-999
"Month 65",0.3,0.5,0.5,0.3268,0.1297,0.3434,0.2,0.113,0.40936,0.537,0.08402,-999,0.2795,-999,-999,-999,-999,-999,-999,-999,-999,-999
"Month 66",0.3,0.5,0.5,0.3268,0.1297,0.3434,0.2,0.113,0.40936,0.537,0.08402,-999,0.2795,-999,-999,-999,-999,-999,-999,-999,-999,-999
"Month 67",0.3,0.5,0.5,0.3268,0.1297,0.3434,0.2,0.113,0.40936,0.537,0.08402,-999,0.2795,-999,-999,-999,-999,-999,-999,-999,-999,-999
"Month 68",0.3,0.5,0.5,0.3268,0.1297,0.3434,0.2,0.113,0.40936,0.537,0.08402,-999,0.2795,-999,-999,-999,-999,-999,-999,-999,-999,-999
"Month 69",0.3,0.5,0.5,0.3268,0.1297,0.3434,0.2,0.113,0.40936,0.537,0.08402,-999,0.2795,-999,-999,-999,-999,-999,-999,-999,-999,-999
"Month 70",0.3,0.5,0.5,0.3268,0.1297,0.3434,0.2,0.113,0.40936,0.537,0.08402,-999,0.2795,-999,-999,-999,-999,-999,-999,-999,-999,-999
"Month 71",0.3,0.5,0.5,0.3268,0.1297,0.3434,0.2,0.113,0.40936,0.537,0.08402,-999,0.2795,-999,-999,-999,-999,-999,-999,-999,-999,-999
"Month 72",0.3,0.5,0.5,0.3268,0.1297,0.3434,0.2,0.113,0.40936,0.537,0.08402,-999,0.2795,-999,-999,-999,-999,-999,-999,-999,-999,-999
"Month 73",0.3,0.5,0.5,0.5345,0.1297,0.3434,0.2,0.113,0.1333,0.537,0.03866,-999,0.2795,-999,-999,-999,-999,-999,-999,-999,-999,-999
"Month 74",0.3,0.5,0.5,0.5345,0.1297,0.3434,0.2,0.113,0.1333,0.537,0.03866,-999,0.2795,-999,-999,-999,-999,-999,-999,-999,-999,-999
"Month 75",0.3,0.5,0.5,0.5345,0.1297,0.3434,0.2,0.113,0.1333,0.537,0.03866,-999,0.2795,-999,-999,-999,-999,-999,-999,-999,-999,-999
"Month 76",0.3,0.5,0.5,0.5345,0.1297,0.3434,0.2,0.113,0.1333,0.537,0.03866,-999,0.2795,-999,-999,-999,-999,-999,-999,-999,-999,-999
"Month 77",0.3,0.5,0.5,0.5345,0.1297,0.3434,0.2,0.113,0.1333,0.537,0.03866,-999,0.2795,-999,-999,-999,-999,-999,-999,-999,-999,-999
"Month 78",0.3,0.5,0.5,0.5345,0.1297,0.3434,0.2,0.113,0.1333,0.537,0.03866,-999,0.2795,-999,-999,-999,-999,-999,-999,-999,-999,-999
"Month 79",0.3,0.5,0.5,0.5345,0.1297,0.3434,0.2,0.113,0.1333,0.537,0.03866,-999,0.2795,-999,-999,-999,-999,-999,-999,-999,-999,-999
"Month 80",0.3,0.5,0.5,0.5345,0.1297,0.3434,0.2,0.113,0.1333,0.537,0.03866,-999,0.2795,-999,-999,-999,-999,-999,-999,-999,-999,-999
"Month 81",0.3,0.5,0.5,0.5345,0.1297,0.3434,0.2,0.113,0.1333,0.537,0.03866,-999,0.2795,-999,-999,-999,-999,-999,-999,-999,-999,-999
"Month 82",0.3,0.5,0.5,0.5345,0.1297,0.3434,0.2,0.113,0.1333,0.537,0.03866,-999,0.2795,-999,-999,-999,-999,-999,-999,-999,-999,-999
"Month 83",0.3,0.5,0.5,0.5345,0.1297,0.3434,0.2,0.113,0.1333,0.537,0.03866,-999,0.2795,-999,-999,-999,-999,-999,-999,-999,-999,-999
"Month 84",0.3,0.5,0.5,0.5345,0.1297,0.3434,0.2,0.113,0.1333,0.537,0.03866,-999,0.2795,-999,-999,-999,-999,-999,-999,-999,-999,-999
"Month 85",0.3,0.5,0.5,0.5345,0.1297,0.3434,0.2,0.113,0.40226,0.537,0.03158,-999,0.2795,-999,-999,-999,-999,-999,-999,-999,-999,-999
"Month 86",0.3,0.5,0.5,0.5345,0.1297,0.3434,0.2,0.113,0.40226,0.537,0.03158,-999,0.2795,-999,-999,-999,-999,-999,-999,-999,-999,-999
"Month 87",0.3,0.5,0.5,0.5345,0.1297,0.3434,0.2,0.113,0.40226,0.537,0.03158,-999,0.2795,-999,-999,-999,-999,-999,-999,-999,-999,-999
"Month 88",0.3,0.5,0.5,0.5345,0.1297,0.3434,0.2,0.113,0.40226,0.537,0.03158,-999,0.2795,-999,-999,-999,-999,-999,-999,-999,-999,-999
"Month 89",0.3,0.5,0.5,0.5345,0.1297,0.3434,0.2,0.113,0.40226,0.537,0.03158,-999,0.2795,-999,-999,-999,-999,-999,-999,-999,-999,-999
"Month 90",0.3,0.5,0.5,0.5345,0.1297,0.3434,0.2,0.113,0.40226,0.537,0.03158,-999,0.2795,-999,-999,-999,-999,-999,-999,-999,-999,-999
"Month 91",0.3,0.5,0.5,0.5345,0.1297,0.3434,0.2,0.113,0.40226,0.537,0.03158,-999,0.2795,-999,-999,-999,-999,-999,-999,-999,-999,-999
"Month 92",0.3,0.5,0.5,0.5345,0.1297,0.3434,0.2,0.113,0.40226,0.537,0.03158,-999,0.2795,-999,-999,-999,-999,-999,-999,-999,-999,-999
"Month 93",0.3,0.5,0.5,0.5345,0.1297,0.3434,0.2,0.113,0.40226,0.537,0.03158,-999,0.2795,-999,-999,-999,-999,-999,-999,-999,-999,-999
"Month 94",0.3,0.5,0.5,0.5345,0.1297,0.3434,0.2,0.113,0.40226,0.537,0.03158,-999,0.2795,-999,-999,-999,-999,-999,-999,-999,-999,-999
"Month 95",0.3,0.5,0.5,0.5345,0.1297,0.3434,0.2,0.113,0.40226,0.537,0.03158,-999,0.2795,-999,-999,-999,-999,-999,-999,-999,-999,-999
"Month 96",0.3,0.5,0.5,0.5345,0.1297,0.3434,0.2,0.113,0.40226,0.537,0.03158,-999,0.2795,-999,-999,-999,-999,-999,-999,-999,-999,-999
"Month 97",0.3,0.5,0.5,0.5345,0.1297,0.3434,0.2,0.113,0.4155,0.537,0.08768,-999,0.2308,-999,-999,-999,-999,-999,-999,-999,-999,-999
"Month 98",0.3,0.5,0.5,0.5345,0.1297,0.3434,0.2,0.113,0.4155,0.537,0.08768,-999,0.2308,-999,-999,-999,-999,-999,-999,-999,-999,-999
"Month 99",0.3,0.5,0.5,0.5345,0.1297,0.3434,0.2,0.113,0.4155,0.537,0.08768,-999,0.2308,-999,-999,-999,-999,-999,-999,-999,-999,-999
"Month 100",0.3,0.5,0.5,0.5345,0.1297,0.3434,0.2,0.113,0.4155,0.537,0.08768,-999,0.2308,-999,-999,-999,-999,-999,-999,-999,-999,-999
"Month 101",0.3,0.5,0.5,0.5345,0.1297,0.3434,0.2,0.113,0.4155,0.537,0.08768,-999,0.2308,-999,-999,-999,-999,-999,-999,-999,-999,-999
"Month 102",0.3,0.5,0.5,0.5345,0.1297,0.3434,0.2,0.113,0.4155,0.537,0.08768,-999,0.2308,-999,-999,-999,-999,-999,-999,-999,-999,-999
"Month 103",0.3,0.5,0.5,0.5345,0.1297,0.3434,0.2,0.113,0.4155,0.537,0.08768,-999,0.2308,-999,-999,-999,-999,-999,-999,-999,-999,-999
"Month 104",0.3,0.5,0.5,0.5345,0.1297,0.3434,0.2,0.113,0.4155,0.537,0.08768,-999,0.2308,-999,-999,-999,-999,-999,-999,-999,-999,-999
"Month 105",0.3,0.5,0.5,0.5345,0.1297,0.3434,0.2,0.113,0.4155,0.537,0.08768,-999,0.2308,-999,-999,-999,-999,-999,-999,-999,-999,-999
"Month 106",0.3,0.5,0.5,0.5345,0.1297,0.3434,0.2,0.113,0.4155,0.537,0.08768,-999,0.2308,-999,-999,-999,-999,-999,-999,-999,-999,-999
"Month 107",0.3,0.5,0.5,0.5345,0.1297,0.3434,0.2,0.113,0.4155,0.537,0.08768,-999,0.2308,-999,-999,-999,-999,-999,-999,-999,-999,-999
"Month 108",0.3,0.5,0.5,0.5345,0.1297,0.3434,0.2,0.113,0.4155,0.537,0.08768,-999,0.2308,-999,-999,-999,-999,-999,-999,-999,-999,-999
"Month 109",0.3,0.5,0.5,0.5345,0.1297,0.3434,0.2,0.113,0.5186,0.537,0.06538,-999,0.2217,-999,-999,-999,-999,-999,-999,-999,-999,-999
"Month 110",0.3,0.5,0.5,0.5345,0.1297,0.3434,0.2,0.113,0.5186,0.537,0.06538,-999,0.2217,-999,-999,-999,-999,-999,-999,-999,-999,-999
"Month 111",0.3,0.5,0.5,0.5345,0.1297,0.3434,0.2,0.113,0.5186,0.537,0.06538,-999,0.2217,-999,-999,-999,-999,-999,-999,-999,-999,-999
"Month 112",0.3,0.5,0.5,0.5345,0.1297,0.3434,0.2,0.113,0.5186,0.537,0.06538,-999,0.2217,-999,-999,-999,-999,-999,-999,-999,-999,-999
"Month 113",0.3,0.5,0.5,0.5345,0.1297,0.3434,0.2,0.113,0.5186,0.537,0.06538,-999,0.2217,-999,-999,-999,-999,-999,-999,-999,-999,-999
"Month 114",0.3,0.5,0.5,0.5345,0.1297,0.3434,0.2,0.113,0.5186,0.537,0.06538,-999,0.2217,-999,-999,-999,-999,-999,-999,-999,-999,-999
"Month 115",0.3,0.5,0.5,0.5345,0.1297,0.3434,0.2,0.113,0.5186,0.537,0.06538,-999,0.2217,-999,-999,-999,-999,-999,-999,-999,-999,-999
"Month 116",0.3,0.5,0.5,0.5345,0.1297,0.3434,0.2,0.113,0.5186,0.537,0.06538,-999,0.2217,-999,-999,-999,-999,-999,-999,-999,-999,-999
"Month 117",0.3,0.5,0.5,0.5345,0.1297,0.3434,0.2,0.113,0.5186,0.537,0.06538,-999,0.2217,-999,-999,-999,-999,-999,-999,-999,-999,-999
"Month 118",0.3,0.5,0.5,0.5345,0.1297,0.3434,0.2,0.113,0.5186,0.537,0.06538,-999,0.2217,-999,-999,-999,-999,-999,-999,-999,-999,-999
"Month 119",0.3,0.5,0.5,0.5345,0.1297,0.3434,0.2,0.113,0.5186,0.537,0.06538,-999,0.2217,-999,-999,-999,-999,-999,-999,-999,-999,-999
"Month 120",0.3,0.5,0.5,0.5345,0.1297,0.3434,0.2,0.113,0.5186,0.537,0.06538,-999,0.2217,-999,-999,-999,-999,-999,-999,-999,-999,-999
"Month 121",0.3,0.5,0.5,0.5345,0.1297,0.3434,0.2,0.113,0.93666,0.537,0.04342,-999,0.2987,-999,-999,-999,-999,-999,-999,-999,-999,-999
"Month 122",0.3,0.5,0.5,0.5345,0.1297,0.3434,0.2,0.113,0.93666,0.537,0.04342,-999,0.2987,-999,-999,-999,-999,-999,-999,-999,-999,-999
"Month 123",0.3,0.5,0.5,0.5345,0.1297,0.3434,0.2,0.113,0.93666,0.537,0.04342,-999,0.2987,-999,-999,-999,-999,-999,-999,-999,-999,-999
"Month 124",0.3,0.5,0.5,0.5345,0.1297,0.3434,0.2,0.113,0.93666,0.537,0.04342,-999,0.2987,-999,-999,-999,-999,-999,-999,-999,-999,-999
"Month 125",0.3,0.5,0.5,0.5345,0.1297,0.3434,0.2,0.113,0.93666,0.537,0.04342,-999,0.2987,-999,-999,-999,-999,-999,-999,-999,-999,-999
"Month 126",0.3,0.5,0.5,0.5345,0.1297,0.3434,0.2,0.113,0.93666,0.537,0.04342,-999,0.2987,-999,-999,-999,-999,-999,-999,-999,-999,-999
"Month 127",0.3,0.5,0.5,0.5345,0.1297,0.3434,0.2,0.113,0.93666,0.537,0.04342,-999,0.2987,-999,-999,-999,-999,-999,-999,-999,-999,-999
"Month 128",0.3,0.5,0.5,0.5345,0.1297,0.3434,0.2,0.113,0.93666,0.537,0.04342,-999,0.2987,-999,-999,-999,-999,-999,-999,-999,-999,-999
"Month 129",0.3,0.5,0.5,0.5345,0.1297,0.3434,0.2,0.113,0.93666,0.537,0.04342,-999,0.2987,-999,-999,-999,-999,-999,-999,-999,-999,-999
"Month 130",0.3,0.5,0.5,0.5345,0.1297,0.3434,0.2,0.113,0.93666,0.537,0.04342,-999,0.2987,-999,-999,-999,-999,-999,-999,-999,-999,-999
"Month 131",0.3,0.5,0.5,0.5345,0.1297,0.3434,0.2,0.113,0.93666,0.537,0.04342,-999,0.2987,-999,-999,-999,-999,-999,-999,-999,-999,-999
"Month 132",0.3,0.5,0.5,0.5345,0.1297,0.3434,0.2,0.113,0.93666,0.537,0.04342,-999,0.2987,-999,-999,-999,-999,-999,-999,-999,-999,-999
"Month 133",0.3,0.5,0.5,0.5345,0.1297,0.1881,0.2,0.113,0.4228,1.075,0.06112,-999,0.3433,-999,-999,-999,-999,-999,-999,-999,-999,-999
"Month 134",0.3,0.5,0.5,0.5345,0.1297,0.1881,0.2,0.113,0.4228,1.075,0.06112,-999,0.3433,-999,-999,-999,-999,-999,-999,-999,-999,-999
"Month 135",0.3,0.5,0.5,0.5345,0.1297,0.1881,0.2,0.113,0.4228,1.075,0.06112,-999,0.3433,-999,-999,-999,-999,-999,-999,-999,-999,-999
"Month 136",0.3,0.5,0.5,0.5345,0.1297,0.1881,0.2,0.113,0.4228,1.075,0.06112,-999,0.3433,-999,-999,-999,-999,-999,-999,-999,-999,-999
"Month 137",0.3,0.5,0.5,0.5345,0.1297,0.1881,0.2,0.113,0.4228,1.075,0.06112,-999,0.3433,-999,-999,-999,-999,-999,-999,-999,-999,-999
"Month 138",0.3,0.5,0.5,0.5345,0.1297,0.1881,0.2,0.113,0.4228,1.075,0.06112,-999,0.3433,-999,-999,-999,-999,-999,-999,-999,-999,-999
"Month 139",0.3,0.5,0.5,0.5345,0.1297,0.1881,0.2,0.113,0.4228,1.075,0.06112,-999,0.3433,-999,-999,-999,-999,-999,-999,-999,-999,-999
"Month 140",0.3,0.5,0.5,0.5345,0.1297,0.1881,0.2,0.113,0.4228,1.075,0.06112,-999,0.3433,-999,-999,-999,-999,-999,-999,-999,-999,-999
"Month 141",0.3,0.5,0.5,0.5345,0.1297,0.1881,0.2,0.113,0.4228,1.075,0.06112,-999,0.3433,-999,-999,-999,-999,-999,-999,-999,-999,-999
"Month 142",0.3,0.5,0.5,0.5345,0.1297,0.1881,0.2,0.113,0.4228,1.075,0.06112,-999,0.3433,-999,-999,-999,-999,-999,-999,-999,-999,-999
"Month 143",0.3,0.5,0.5,0.5345,0.1297,0.1881,0.2,0.113,0.4228,1.075,0.06112,-999,0.3433,-999,-999,-999,-999,-999,-999,-999,-999,-999
"Month 144",0.3,0.5,0.5,0.5345,0.1297,0.1881,0.2,0.113,0.4228,1.075,0.06112,-999,0.3433,-999,-999,-999,-999,-999,-999,-999,-999,-999
"Month 145",0.3,0.5,0.5,0.5345,0.1151,0.1848,0.2,0.113,0.53964,0.494,0.08634,-999,0.4286,-999,-999,-999,-999,-999,-999,-999,-999,-999
"Month 146",0.3,0.5,0.5,0.5345,0.1151,0.1848,0.2,0.113,0.53964,0.494,0.08634,-999,0.4286,-999,-999,-999,-999,-999,-999,-999,-999,-999
"Month 147",0.3,0.5,0.5,0.5345,0.1151,0.1848,0.2,0.113,0.53964,0.494,0.08634,-999,0.4286,-999,-999,-999,-999,-999,-999,-999,-999,-999
"Month 148",0.3,0.5,0.5,0.5345,0.1151,0.1848,0.2,0.113,0.53964,0.494,0.08634,-999,0.4286,-999,-999,-999,-999,-999,-999,-999,-999,-999
"Month 149",0.3,0.5,0.5,0.5345,0.1151,0.1848,0.2,0.113,0.53964,0.494,0.08634,-999,0.4286,-999,-999,-999,-999,-999,-999,-999,-999,-999
"Month 150",0.3,0.5,0.5,0.5345,0.1151,0.1848,0.2,0.113,0.53964,0.494,0.08634,-999,0.4286,-999,-999,-999,-999,-999,-999,-999,-999,-999
"Month 151",0.3,0.5,0.5,0.5345,0.1151,0.1848,0.2,0.113,0.53964,0.494,0.08634,-999,0.4286,-999,-999,-999,-999,-999,-999,-999,-999,-999
"Month 152",0.3,0.5,0.5,0.5345,0.1151,0.1848,0.2,0.113,0.53964,0.494,0.08634,-999,0.4286,-999,-999,-999,-999,-999,-999,-999,-999,-999
"Month 153",0.3,0.5,0.5,0.5345,0.1151,0.1848,0.2,0.113,0.53964,0.494,0.08634,-999,0.4286,-999,-999,-999,-999,-999,-999,-999,-999,-999
"Month 154",0.3,0.5,0.5,0.5345,0.1151,0.1848,0.2,0.113,0.53964,0.494,0.08634,-999,0.4286,-999,-999,-999,-999,-999,-999,-999,-999,-999
"Month 155",0.3,0.5,0.5,0.5345,0.1151,0.1848,0.2,0.113,0.53964,0.494,0.08634,-999,0.4286,-999,-999,-999,-999,-999,-999,-999,-999,-999
"Month 156",0.3,0.5,0.5,0.5345,0.1151,0.1848,0.2,0.113,0.53964,0.494,0.08634,-999,0.4286,-999,-999,-999,-999,-999,-999,-999,-999,-999
"Month 157",0.3,0.5,0.5,0.5345,0.0401,0.2416,0.2,0.0777,0.47324,0.884,0.07122,-999,0.4845,-999,-999,-999,-999,-999,-999,-999,-999,-999
"Month 158",0.3,0.5,0.5,0.5345,0.0401,0.2416,0.2,0.0777,0.47324,0.884,0.07122,-999,0.4845,-999,-999,-999,-999,-999,-999,-999,-999,-999
"Month 159",0.3,0.5,0.5,0.5345,0.0401,0.2416,0.2,0.0777,0.47324,0.884,0.07122,-999,0.4845,-999,-999,-999,-999,-999,-999,-999,-999,-999
"Month 160",0.3,0.5,0.5,0.5345,0.0401,0.2416,0.2,0.0777,0.47324,0.884,0.07122,-999,0.4845,-999,-999,-999,-999,-999,-999,-999,-999,-999
"Month 161",0.3,0.5,0.5,0.5345,0.0401,0.2416,0.2,0.0777,0.47324,0.884,0.07122,-999,0.4845,-999,-999,-999,-999,-999,-999,-999,-999,-999
"Month 162",0.3,0.5,0.5,0.5345,0.0401,0.2416,0.2,0.0777,0.47324,0.884,0.07122,-999,0.4845,-999,-999,-999,-999,-999,-999,-999,-999,-999
"Month 163",0.3,0.5,0.5,0.5345,0.0401,0.2416,0.2,0.0777,0.47324,0.884,0.07122,-999,0.4845,-999,-999,-999,-999,-999,-999,-999,-999,-999
"Month 164",0.3,0.5,0.5,0.5345,0.0401,0.2416,0.2,0.0777,0.47324,0.884,0.07122,-999,0.4845,-999,-999,-999,-999,-999,-999,-999,-999,-999
"Month 165",0.3,0.5,0.5,0.5345,0.0401,0.2416,0.2,0.0777,0.47324,0.884,0.07122,-999,0.4845,-999,-999,-999,-999,-999,-999,-999,-999,-999
"Month 166",0.3,0.5,0.5,0.5345,0.0401,0.2416,0.2,0.0777,0.47324,0.884,0.07122,-999,0.4845,-999,-999,-999,-999,-999,-999,-999,-999,-999
"Month 167",0.3,0.5,0.5,0.5345,0.0401,0.2416,0.2,0.0777,0.47324,0.884,0.07122,-999,0.4845,-999,-999,-999,-999,-999,-999,-999,-999,-999
"Month 168",0.3,0.5,0.5,0.5345,0.0401,0.2416,0.2,0.0777,0.47324,0.884,0.07122,-999,0.4845,-999,-999,-999,-999,-999,-999,-999,-999,-999
"Month 169",0.3,0.5,0.5,0.5345,0.0422,0.1963,0.2,0.0854,0.18447,0.423,0.01002,-999,0.4992,-999,-999,-999,-999,-999,-999,-999,-999,-999
"Month 170",0.3,0.5,0.5,0.5345,0.0422,0.1963,0.2,0.0854,0.18447,0.423,0.01002,-999,0.4992,-999,-999,-999,-999,-999,-999,-999,-999,-999
"Month 171",0.3,0.5,0.5,0.5345,0.0422,0.1963,0.2,0.0854,0.18447,0.423,0.01002,-999,0.4992,-999,-999,-999,-999,-999,-999,-999,-999,-999
"Month 172",0.3,0.5,0.5,0.5345,0.0422,0.1963,0.2,0.0854,0.18447,0.423,0.01002,-999,0.4992,-999,-999,-999,-999,-999,-999,-999,-999,-999
"Month 173",0.3,0.5,0.5,0.5345,0.0422,0.1963,0.2,0.0854,0.18447,0.423,0.01002,-999,0.4992,-999,-999,-999,-999,-999,-999,-999,-999,-999
"Month 174",0.3,0.5,0.5,0.5345,0.0422,0.1963,0.2,0.0854,0.18447,0.423,0.01002,-999,0.4992,-999,-999,-999,-999,-999,-999,-999,-999,-999
"Month 175",0.3,0.5,0.5,0.5345,0.0422,0.1963,0.2,0.0854,0.18447,0.423,0.01002,-999,0.4992,-999,-999,-999,-999,-999,-999,-999,-999,-999
"Month 176",0.3,0.5,0.5,0.5345,0.0422,0.1963,0.2,0.0854,0.18447,0.423,0.01002,-999,0.4992,-999,-999,-999,-999,-999,-999,-999,-999,-999
"Month 177",0.3,0.5,0.5,0.5345,0.0422,0.1963,0.2,0.0854,0.18447,0.423,0.01002,-999,0.4992,-999,-999,-999,-999,-999,-999,-999,-999,-999
"Month 178",0.3,0.5,0.5,0.5345,0.0422,0.1963,0.2,0.0854,0.18447,0.423,0.01002,-999,0.4992,-999,-999,-999,-999,-999,-999,-999,-999,-999
"Month 179",0.3,0.5,0.5,0.5345,0.0422,0.1963,0.2,0.0854,0.18447,0.423,0.01002,-999,0.4992,-999,-999,-999,-999,-999,-999,-999,-999,-999
"Month 180",0.3,0.5,0.5,0.5345,0.0422,0.1963,0.2,0.0854,0.18447,0.423,0.01002,-999,0.4992,-999,-999,-999,-999,-999,-999,-999,-999,-999
"Month 181",0.3,0.5,0.5,0.5345,0.0258,0.1,0.2,0.0757,0.12811,1.145,0.01802,-999,0.4976,-999,-999,-999,-999,-999,-999,-999,-999,-999
"Month 182",0.3,0.5,0.5,0.5345,0.0258,0.1,0.2,0.0757,0.12811,1.145,0.01802,-999,0.4976,-999,-999,-999,-999,-999,-999,-999,-999,-999
"Month 183",0.3,0.5,0.5,0.5345,0.0258,0.1,0.2,0.0757,0.12811,1.145,0.01802,-999,0.4976,-999,-999,-999,-999,-999,-999,-999,-999,-999
"Month 184",0.3,0.5,0.5,0.5345,0.0258,0.1,0.2,0.0757,0.12811,1.145,0.01802,-999,0.4976,-999,-999,-999,-999,-999,-999,-999,-999,-999
"Month 185",0.3,0.5,0.5,0.5345,0.0258,0.1,0.2,0.0757,0.12811,1.145,0.01802,-999,0.4976,-999,-999,-999,-999,-999,-999,-999,-999,-999
"Month 186",0.3,0.5,0.5,0.5345,0.0258,0.1,0.2,0.0757,0.12811,1.145,0.01802,-999,0.4976,-999,-999,-999,-999,-999,-999,-999,-999,-999
"Month 187",0.3,0.5,0.5,0.5345,0.0258,0.1,0.2,0.0757,0.12811,1.145,0.01802,-999,0.4976,-999,-999,-999,-999,-999,-999,-999,-999,-999
"Month 188",0.3,0.5,0.5,0.5345,0.0258,0.1,0.2,0.0757,0.12811,1.145,0.01802,-999,0.4976,-999,-999,-999,-999,-999,-999,-999,-999,-999
"Month 189",0.3,0.5,0.5,0.5345,0.0258,0.1,0.2,0.0757,0.12811,1.145,0.01802,-999,0.4976,-999,-999,-999,-999,-999,-999,-999,-999,-999
"Month 190",0.3,0.5,0.5,0.5345,0.0258,0.1,0.2,0.0757,0.12811,1.145,0.01802,-999,0.4976,-999,-999,-999,-999,-999,-999,-999,-999,-999
"Month 191",0.3,0.5,0.5,0.5345,0.0258,0.1,0.2,0.0757,0.12811,1.145,0.01802,-999,0.4976,-999,-999,-999,-999,-999,-999,-999,-999,-999
"Month 192",0.3,0.5,0.5,0.5345,0.0258,0.1,0.2,0.0757,0.12811,1.145,0.01802,-999,0.4976,-999,-999,-999,-999,-999,-999,-999,-999,-999
"Month 193",0.3,0.5,0.5,0.5345,0.0369,0.127,0.2,0.0868,0.1412,1.508,0.02958,-999,0.6133,-999,-999,-999,-999,-999,-999,-999,-999,-999
"Month 194",0.3,0.5,0.5,0.5345,0.0369,0.127,0.2,0.0868,0.1412,1.508,0.02958,-999,0.6133,-999,-999,-999,-999,-999,-999,-999,-999,-999
"Month 195",0.3,0.5,0.5,0.5345,0.0369,0.127,0.2,0.0868,0.1412,1.508,0.02958,-999,0.6133,-999,-999,-999,-999,-999,-999,-999,-999,-999
"Month 196",0.3,0.5,0.5,0.5345,0.0369,0.127,0.2,0.0868,0.1412,1.508,0.02958,-999,0.6133,-999,-999,-999,-999,-999,-999,-999,-999,-999
"Month 197",0.3,0.5,0.5,0.5345,0.0369,0.127,0.2,0.0868,0.1412,1.508,0.02958,-999,0.6133,-999,-999,-999,-999,-999,-999,-999,-999,-999
"Month 198",0.3,0.5,0.5,0.5345,0.0369,0.127,0.2,0.0868,0.1412,1.508,0.02958,-999,0.6133,-999,-999,-999,-999,-999,-999,-999,-999,-999
"Month 199",0.3,0.5,0.5,0.5345,0.0369,0.127,0.2,0.0868,0.1412,1.508,0.02958,-999,0.6133,-999,-999,-999,-999,-999,-999,-999,-999,-999
"Month 200",0.3,0.5,0.5,0.5345,0.0369,0.127,0.2,0.0868,0.1412,1.508,0.02958,-999,0.6133,-999,-999,-999,-999,-999,-999,-999,-999,-999
"Month 201",0.3,0.5,0.5,0.5345,0.0369,0.127,0.2,0.0868,0.1412,1.508,0.02958,-999,0.6133,-999,-999,-999,-999,-999,-999,-999,-999,-999
"Month 202",0.3,0.5,0.5,0.5345,0.0369,0.127,0.2,0.0868,0.1412,1.508,0.02958,-999,0.6133,-999,-999,-999,-999,-999,-999,-999,-999,-999
"Month 203",0.3,0.5,0.5,0.5345,0.0369,0.127,0.2,0.0868,0.1412,1.508,0.02958,-999,0.6133,-999,-999,-999,-999,-999,-999,-999,-999,-999
"Month 204",0.3,0.5,0.5,0.5345,0.0369,0.127,0.2,0.0868,0.1412,1.508,0.02958,-999,0.6133,-999,-999,-999,-999,-999,-999,-999,-999,-999
"Month 205",0.3,0.5,0.5,0.5345,0.0511,0.2532,0.2,0.0681,0.09817,0.944,0.05476,-999,0.3386,-999,-999,-999,-999,-999,-999,-999,-999,-999
"Month 206",0.3,0.5,0.5,0.5345,0.0511,0.2532,0.2,0.0681,0.09817,0.944,0.05476,-999,0.3386,-999,-999,-999,-999,-999,-999,-999,-999,-999
"Month 207",0.3,0.5,0.5,0.5345,0.0511,0.2532,0.2,0.0681,0.09817,0.944,0.05476,-999,0.3386,-999,-999,-999,-999,-999,-999,-999,-999,-999
"Month 208",0.3,0.5,0.5,0.5345,0.0511,0.2532,0.2,0.0681,0.09817,0.944,0.05476,-999,0.3386,-999,-999,-999,-999,-999,-999,-999,-999,-999
"Month 209",0.3,0.5,0.5,0.5345,0.0511,0.2532,0.2,0.0681,0.09817,0.944,0.05476,-999,0.3386,-999,-999,-999,-999,-999,-999,-999,-999,-999
"Month 210",0.3,0.5,0.5,0.5345,0.0511,0.2532,0.2,0.0681,0.09817,0.944,0.05476,-999,0.3386,-999,-999,-999,-999,-999,-999,-999,-999,-999
"Month 211",0.3,0.5,0.5,0.5345,0.0511,0.2532,0.2,0.0681,0.09817,0.944,0.05476,-999,0.3386,-999,-999,-999,-999,-999,-999,-999,-999,-999
"Month 212",0.3,0.5,0.5,0.5345,0.0511,0.2532,0.2,0.0681,0.09817,0.944,0.05476,-999,0.3386,-999,-999,-999,-999,-999,-999,-999,-999,-999
"Month 213",0.3,0.5,0.5,0.5345,0.0511,0.2532,0.2,0.0681,0.09817,0.944,0.05476,-999,0.3386,-999,-999,-999,-999,-999,-999,-999,-999,-999
"Month 214",0.3,0.5,0.5,0.5345,0.0511,0.2532,0.2,0.0681,0.09817,0.944,0.05476,-999,0.3386,-999,-999,-999,-999,-999,-999,-999,-999,-999
"Month 215",0.3,0.5,0.5,0.5345,0.0511,0.2532,0.2,0.0681,0.09817,0.944,0.05476,-999,0.3386,-999,-999,-999,-999,-999,-999,-999,-999,-999
"Month 216",0.3,0.5,0.5,0.5345,0.0511,0.2532,0.2,0.0681,0.09817,0.944,0.05476,-999,0.3386,-999,-999,-999,-999,-999,-999,-999,-999,-999
"Month 217",0.3,0.5,0.5,0.5345,0.0703,0.0994,0.2,0.0537,0.11704,0.38,0.10966,-999,0.2677,-999,-999,-999,-999,-999,-999,-999,-999,-999
"Month 218",0.3,0.5,0.5,0.5345,0.0703,0.0994,0.2,0.0537,0.11704,0.38,0.10966,-999,0.2677,-999,-999,-999,-999,-999,-999,-999,-999,-999
"Month 219",0.3,0.5,0.5,0.5345,0.0703,0.0994,0.2,0.0537,0.11704,0.38,0.10966,-999,0.2677,-999,-999,-999,-999,-999,-999,-999,-999,-999
"Month 220",0.3,0.5,0.5,0.5345,0.0703,0.0994,0.2,0.0537,0.11704,0.38,0.10966,-999,0.2677,-999,-999,-999,-999,-999,-999,-999,-999,-999
"Month 221",0.3,0.5,0.5,0.5345,0.0703,0.0994,0.2,0.0537,0.11704,0.38,0.10966,-999,0.2677,-999,-999,-999,-999,-999,-999,-999,-999,-999
"Month 222",0.3,0.5,0.5,0.5345,0.0703,0.0994,0.2,0.0537,0.11704,0.38,0.10966,-999,0.2677,-999,-999,-999,-999,-999,-999,-999,-999,-999
"Month 223",0.3,0.5,0.5,0.5345,0.0703,0.0994,0.2,0.0537,0.11704,0.38,0.10966,-999,0.2677,-999,-999,-999,-999,-999,-999,-999,-999,-999
"Month 224",0.3,0.5,0.5,0.5345,0.0703,0.0994,0.2,0.0537,0.11704,0.38,0.10966,-999,0.2677,-999,-999,-999,-999,-999,-999,-999,-999,-999
"Month 225",0.3,0.5,0.5,0.5345,0.0703,0.0994,0.2,0.0537,0.11704,0.38,0.10966,-999,0.2677,-999,-999,-999,-999,-999,-999,-999,-999,-999
"Month 226",0.3,0.5,0.5,0.5345,0.0703,0.0994,0.2,0.0537,0.11704,0.38,0.10966,-999,0.2677,-999,-999,-999,-999,-999,-999,-999,-999,-999
"Month 227",0.3,0.5,0.5,0.5345,0.0703,0.0994,0.2,0.0537,0.11704,0.38,0.10966,-999,0.2677,-999,-999,-999,-999,-999,-999,-999,-999,-999
"Month 228",0.3,0.5,0.5,0.5345,0.0703,0.0994,0.2,0.0537,0.11704,0.38,0.10966,-999,0.2677,-999,-999,-999,-999,-999,-999,-999,-999,-999
"Month 229",0.3,0.5,0.5,0.5345,0.1036,0.4805,0.2,0.2112,0.33383,1.076,0.25236,-999,0.5565,-999,-999,-999,-999,-999,-999,-999,-999,-999
"Month 230",0.3,0.5,0.5,0.5345,0.1036,0.4805,0.2,0.2112,0.33383,1.076,0.25236,-999,0.5565,-999,-999,-999,-999,-999,-999,-999,-999,-999
"Month 231",0.3,0.5,0.5,0.5345,0.1036,0.4805,0.2,0.2112,0.33383,1.076,0.25236,-999,0.5565,-999,-999,-999,-999,-999,-999,-999,-999,-999
"Month 232",0.3,0.5,0.5,0.5345,0.1036,0.4805,0.2,0.2112,0.33383,1.076,0.25236,-999,0.5565,-999,-999,-999,-999,-999,-999,-999,-999,-999
"Month 233",0.3,0.5,0.5,0.5345,0.1036,0.4805,0.2,0.2112,0.33383,1.076,0.25236,-999,0.5565,-999,-999,-999,-999,-999,-999,-999,-999,-999
"Month 234",0.3,0.5,0.5,0.5345,0.1036,0.4805,0.2,0.2112,0.33383,1.076,0.25236,-999,0.5565,-999,-999,-999,-999,-999,-999,-999,-999,-999
"Month 235",0.3,0.5,0.5,0.5345,0.1036,0.4805,0.2,0.2112,0.33383,1.076,0.25236,-999,0.5565,-999,-999,-999,-999,-999,-999,-999,-999,-999
"Month 236",0.3,0.5,0.5,0.5345,0.1036,0.4805,0.2,0.2112,0.33383,1.076,0.25236,-999,0.5565,-999,-999,-999,-999,-999,-999,-999,-999,-999
"Month 237",0.3,0.5,0.5,0.5345,0.1036,0.4805,0.2,0.2112,0.33383,1.076,0.25236,-999,0.5565,-999,-999,-999,-999,-999,-999,-999,-999,-999
"Month 238",0.3,0.5,0.5,0.5345,0.1036,0.4805,0.2,0.2112,0.33383,1.076,0.25236,-999,0.5565,-999,-999,-999,-999,-999,-999,-999,-999,-999
"Month 239",0.3,0.5,0.5,0.5345,0.1036,0.4805,0.2,0.2112,0.33383,1.076,0.25236,-999,0.5565,-999,-999,-999,-999,-999,-999,-999,-999,-999
"Month 240",0.3,0.5,0.5,0.5345,0.1036,0.4805,0.2,0.2112,0.33383,1.076,0.25236,-999,0.5565,-999,-999,-999,-999,-999,-999,-999,-999,-999
"Month 241",0.3,0.5,0.5,0.5345,0.075,0.2825,0.2,0.1401,0.26087,2.001,0.31238,-999,0.4863,-999,-999,-999,-999,-999,-999,-999,-999,-999
"Month 242",0.3,0.5,0.5,0.5345,0.075,0.2825,0.2,0.1401,0.26087,2.001,0.31238,-999,0.4863,-999,-999,-999,-999,-999,-999,-999,-999,-999
"Month 243",0.3,0.5,0.5,0.5345,0.075,0.2825,0.2,0.1401,0.26087,2.001,0.31238,-999,0.4863,-999,-999,-999,-999,-999,-999,-999,-999,-999
"Month 244",0.3,0.5,0.5,0.5345,0.075,0.2825,0.2,0.1401,0.26087,2.001,0.31238,-999,0.4863,-999,-999,-999,-999,-999,-999,-999,-999,-999
"Month 245",0.3,0.5,0.5,0.5345,0.075,0.2825,0.2,0.1401,0.26087,2.001,0.31238,-999,0.4863,-999,-999,-999,-999,-999,-999,-999,-999,-999
"Month 246",0.3,0.5,0.5,0.5345,0.075,0.2825,0.2,0.1401,0.26087,2.001,0.31238,-999,0.4863,-999,-999,-999,-999,-999,-999,-999,-999,-999
"Month 247",0.3,0.5,0.5,0.5345,0.075,0.2825,0.2,0.1401,0.26087,2.001,0.31238,-999,0.4863,-999,-999,-999,-999,-999,-999,-999,-999,-999
"Month 248",0.3,0.5,0.5,0.5345,0.075,0.2825,0.2,0.1401,0.26087,2.001,0.31238,-999,0.4863,-999,-999,-999,-999,-999,-999,-999,-999,-999
"Month 249",0.3,0.5,0.5,0.5345,0.075,0.2825,0.2,0.1401,0.26087,2.001,0.31238,-999,0.4863,-999,-999,-999,-999,-999,-999,-999,-999,-999
"Month 250",0.3,0.5,0.5,0.5345,0.075,0.2825,0.2,0.1401,0.26087,2.001,0.31238,-999,0.4863,-999,-999,-999,-999,-999,-999,-999,-999,-999
"Month 251",0.3,0.5,0.5,0.5345,0.075,0.2825,0.2,0.1401,0.26087,2.001,0.31238,-999,0.4863,-999,-999,-999,-999,-999,-999,-999,-999,-999
"Month 252",0.3,0.5,0.5,0.5345,0.075,0.2825,0.2,0.1401,0.26087,2.001,0.31238,-999,0.4863,-999,-999,-999,-999,-999,-999,-999,-999,-999
"Month 253",0.3,0.5,0.5,0.5345,0.0621,0.2398,0.2,0.093,0.37241,0.53,0.43698,-999,0.5589,-999,-999,-999,-999,-999,-999,-999,-999,-999
"Month 254",0.3,0.5,0.5,0.5345,0.0621,0.2398,0.2,0.093,0.37241,0.53,0.43698,-999,0.5589,-999,-999,-999,-999,-999,-999,-999,-999,-999
"Month 255",0.3,0.5,0.5,0.5345,0.0621,0.2398,0.2,0.093,0.37241,0.53,0.43698,-999,0.5589,-999,-999,-999,-999,-999,-999,-999,-999,-999
"Month 256",0.3,0.5,0.5,0.5345,0.0621,0.2398,0.2,0.093,0.37241,0.53,0.43698,-999,0.5589,-999,-999,-999,-999,-999,-999,-999,-999,-999
"Month 257",0.3,0.5,0.5,0.5345,0.0621,0.2398,0.2,0.093,0.37241,0.53,0.43698,-999,0.5589,-999,-999,-999,-999,-999,-999,-999,-999,-999
"Month 258",0.3,0.5,0.5,0.5345,0.0621,0.2398,0.2,0.093,0.37241,0.53,0.43698,-999,0.5589,-999,-999,-999,-999,-999,-999,-999,-999,-999
"Month 259",0.3,0.5,0.5,0.5345,0.0621,0.2398,0.2,0.093,0.37241,0.53,0.43698,-999,0.5589,-999,-999,-999,-999,-999,-999,-999,-999,-999
"Month 260",0.3,0.5,0.5,0.5345,0.0621,0.2398,0.2,0.093,0.37241,0.53,0.43698,-999,0.5589,-999,-999,-999,-999,-999,-999,-999,-999,-999
"Month 261",0.3,0.5,0.5,0.5345,0.0621,0.2398,0.2,0.093,0.37241,0.53,0.43698,-999,0.5589,-999,-999,-999,-999,-999,-999,-999,-999,-999
"Month 262",0.3,0.5,0.5,0.5345,0.0621,0.2398,0.2,0.093,0.37241,0.53,0.43698,-999,0.5589,-999,-999,-999,-999,-999,-999,-999,-999,-999
"Month 263",0.3,0.5,0.5,0.5345,0.0621,0.2398,0.2,0.093,0.37241,0.53,0.43698,-999,0.5589,-999,-999,-999,-999,-999,-999,-999,-999,-999
"Month 264",0.3,0.5,0.5,0.5345,0.0621,0.2398,0.2,0.093,0.37241,0.53,0.43698,-999,0.5589,-999,-999,-999,-999,-999,-999,-999,-999,-999
"Month 265",0.3,0.5,0.5,0.5345,0.072,0.508,0.2,0.1838,0.61684,0.352,0.39148,-999,0.5292,-999,-999,-999,-999,-999,-999,-999,-999,-999
"Month 266",0.3,0.5,0.5,0.5345,0.072,0.508,0.2,0.1838,0.61684,0.352,0.39148,-999,0.5292,-999,-999,-999,-999,-999,-999,-999,-999,-999
"Month 267",0.3,0.5,0.5,0.5345,0.072,0.508,0.2,0.1838,0.61684,0.352,0.39148,-999,0.5292,-999,-999,-999,-999,-999,-999,-999,-999,-999
"Month 268",0.3,0.5,0.5,0.5345,0.072,0.508,0.2,0.1838,0.61684,0.352,0.39148,-999,0.5292,-999,-999,-999,-999,-999,-999,-999,-999,-999
"Month 269",0.3,0.5,0.5,0.5345,0.072,0.508,0.2,0.1838,0.61684,0.352,0.39148,-999,0.5292,-999,-999,-999,-999,-999,-999,-999,-999,-999
"Month 270",0.3,0.5,0.5,0.5345,0.072,0.508,0.2,0.1838,0.61684,0.352,0.39148,-999,0.5292,-999,-999,-999,-999,-999,-999,-999,-999,-999
"Month 271",0.3,0.5,0.5,0.5345,0.072,0.508,0.2,0.1838,0.61684,0.352,0.39148,-999,0.5292,-999,-999,-999,-999,-999,-999,-999,-999,-999
"Month 272",0.3,0.5,0.5,0.5345,0.072,0.508,0.2,0.1838,0.61684,0.352,0.39148,-999,0.5292,-999,-999,-999,-999,-999,-999,-999,-999,-999
"Month 273",0.3,0.5,0.5,0.5345,0.072,0.508,0.2,0.1838,0.61684,0.352,0.39148,-999,0.5292,-999,-999,-999,-999,-999,-999,-999,-999,-999
"Month 274",0.3,0.5,0.5,0.5345,0.072,0.508,0.2,0.1838,0.61684,0.352,0.39148,-999,0.5292,-999,-999,-999,-999,-999,-999,-999,-999,-999
"Month 275",0.3,0.5,0.5,0.5345,0.072,0.508,0.2,0.1838,0.61684,0.352,0.39148,-999,0.5292,-999,-999,-999,-999,-999,-999,-999,-999,-999
"Month 276",0.3,0.5,0.5,0.5345,0.072,0.508,0.2,0.1838,0.61684,0.352,0.39148,-999,0.5292,-999,-999,-999,-999,-999,-999,-999,-999,-999
"Month 277",0.1,0.5,0.5,0.5345,0.0839,0.4601,0.2,0.0789,0.53231,0.401,0.28086,-999,0.6705,-999,-999,-999,-999,-999,-999,-999,-999,-999
"Month 278",0.1,0.5,0.5,0.5345,0.0839,0.4601,0.2,0.0789,0.53231,0.401,0.28086,-999,0.6705,-999,-999,-999,-999,-999,-999,-999,-999,-999
"Month 279",0.1,0.5,0.5,0.5345,0.0839,0.4601,0.2,0.0789,0.53231,0.401,0.28086,-999,0.6705,-999,-999,-999,-999,-999,-999,-999,-999,-999
"Month 280",0.1,0.5,0.5,0.5345,0.0839,0.4601,0.2,0.0789,0.53231,0.401,0.28086,-999,0.6705,-999,-999,-999,-999,-999,-999,-999,-999,-999
"Month 281",0.1,0.5,0.5,0.5345,0.0839,0.4601,0.2,0.0789,0.53231,0.401,0.28086,-999,0.6705,-999,-999,-999,-999,-999,-999,-999,-999,-999
"Month 282",0.1,0.5,0.5,0.5345,0.0839,0.4601,0.2,0.0789,0.53231,0.401,0.28086,-999,0.6705,-999,-999,-999,-999,-999,-999,-999,-999,-999
"Month 283",0.1,0.5,0.5,0.5345,0.0839,0.4601,0.2,0.0789,0.53231,0.401,0.28086,-999,0.6705,-999,-999,-999,-999,-999,-999,-999,-999,-999
"Month 284",0.1,0.5,0.5,0.5345,0.0839,0.4601,0.2,0.0789,0.53231,0.401,0.28086,-999,0.6705,-999,-999,-999,-999,-999,-999,-999,-999,-999
"Month 285",0.1,0.5,0.5,0.5345,0.0839,0.4601,0.2,0.0789,0.53231,0.401,0.28086,-999,0.6705,-999,-999,-999,-999,-999,-999,-999,-999,-999
"Month 286",0.1,0.5,0.5,0.5345,0.0839,0.4601,0.2,0.0789,0.53231,0.401,0.28086,-999,0.6705,-999,-999,-999,-999,-999,-999,-999,-999,-999
"Month 287",0.1,0.5,0.5,0.5345,0.0839,0.4601,0.2,0.0789,0.53231,0.401,0.28086,-999,0.6705,-999,-999,-999,-999,-999,-999,-999,-999,-999
"Month 288",0.1,0.5,0.5,0.5345,0.0839,0.4601,0.2,0.0789,0.53231,0.401,0.28086,-999,0.6705,-999,-999,-999,-999,-999,-999,-999,-999,-999
"Month 289",0.1,0.5,0.5,0.5345,0.102,0.3513,0.2,0.062,0.40043,1.225,0.23474,-999,0.5428,-999,-999,-999,-999,-999,-999,-999,-999,-999
"Month 290",0.1,0.5,0.5,0.5345,0.102,0.3513,0.2,0.062,0.40043,1.225,0.23474,-999,0.5428,-999,-999,-999,-999,-999,-999,-999,-999,-999
"Month 291",0.1,0.5,0.5,0.5345,0.102,0.3513,0.2,0.062,0.40043,1.225,0.23474,-999,0.5428,-999,-999,-999,-999,-999,-999,-999,-999,-999
"Month 292",0.1,0.5,0.5,0.5345,0.102,0.3513,0.2,0.062,0.40043,1.225,0.23474,-999,0.5428,-999,-999,-999,-999,-999,-999,-999,-999,-999
"Month 293",0.1,0.5,0.5,0.5345,0.102,0.3513,0.2,0.062,0.40043,1.225,0.23474,-999,0.5428,-999,-999,-999,-999,-999,-999,-999,-999,-999
"Month 294",0.1,0.5,0.5,0.5345,0.102,0.3513,0.2,0.062,0.40043,1.225,0.23474,-999,0.5428,-999,-999,-999,-999,-999,-999,-999,-999,-999
"Month 295",0.1,0.5,0.5,0.5345,0.102,0.3513,0.2,0.062,0.40043,1.225,0.23474,-999,0.5428,-999,-999,-999,-999,-999,-999,-999,-999,-999
"Month 296",0.1,0.5,0.5,0.5345,0.102,0.3513,0.2,0.062,0.40043,1.225,0.23474,-999,0.5428,-999,-999,-999,-999,-999,-999,-999,-999,-999
"Month 297",0.1,0.5,0.5,0.5345,0.102,0.3513,0.2,0.062,0.40043,1.225,0.23474,-999,0.5428,-999,-999,-999,-999,-999,-999,-999,-999,-999
"Month 298",0.1,0.5,0.5,0.5345,0.102,0.3513,0.2,0.062,0.40043,1.225,0.23474,-999,0.5428,-999,-999,-999,-999,-999,-999,-999,-999,-999
"Month 299",0.1,0.5,0.5,0.5345,0.102,0.3513,0.2,0.062,0.40043,1.225,0.23474,-999,0.5428,-999,-999,-999,-999,-999,-999,-999,-999,-999
"Month 300",0.1,0.5,0.5,0.5345,0.102,0.3513,0.2,0.062,0.40043,1.225,0.23474,-999,0.5428,-999,-999,-999,-999,-999,-999,-999,-999,-999
"Month 301",0.1,0.5,0.5,0.5345,0.1295,0.0749,0.2,0.0581,0.22801,1.14,0.1816,-999,0.7767,-999,-999,-999,-999,-999,-999,-999,-999,-999
"Month 302",0.1,0.5,0.5,0.5345,0.1295,0.0749,0.2,0.0581,0.22801,1.14,0.1816,-999,0.7767,-999,-999,-999,-999,-999,-999,-999,-999,-999
"Month 303",0.1,0.5,0.5,0.5345,0.1295,0.0749,0.2,0.0581,0.22801,1.14,0.1816,-999,0.7767,-999,-999,-999,-999,-999,-999,-999,-999,-999
"Month 304",0.1,0.5,0.5,0.5345,0.1295,0.0749,0.2,0.0581,0.22801,1.14,0.1816,-999,0.7767,-999,-999,-999,-999,-999,-999,-999,-999,-999
"Month 305",0.1,0.5,0.5,0.5345,0.1295,0.0749,0.2,0.0581,0.22801,1.14,0.1816,-999,0.7767,-999,-999,-999,-999,-999,-999,-999,-999,-999
"Month 306",0.1,0.5,0.5,0.5345,0.1295,0.0749,0.2,0.0581,0.22801,1.14,0.1816,-999,0.7767,-999,-999,-999,-999,-999,-999,-999,-999,-999
"Month 307",0.1,0.5,0.5,0.5345,0.1295,0.0749,0.2,0.0581,0.22801,1.14,0.1816,-999,0.7767,-999,-999,-999,-999,-999,-999,-999,-999,-999
"Month 308",0.1,0.5,0.5,0.5345,0.1295,0.0749,0.2,0.0581,0.22801,1.14,0.1816,-999,0.7767,-999,-999,-999,-999,-999,-999,-999,-999,-999
"Month 309",0.1,0.5,0.5,0.5345,0.1295,0.0749,0.2,0.0581,0.22801,1.14,0.1816,-999,0.7767,-999,-999,-999,-999,-999,-999,-999,-999,-999
"Month 310",0.1,0.5,0.5,0.5345,0.1295,0.0749,0.2,0.0581,0.22801,1.14,0.1816,-999,0.7767,-999,-999,-999,-999,-999,-999,-999,-999,-999
"Month 311",0.1,0.5,0.5,0.5345,0.1295,0.0749,0.2,0.0581,0.22801,1.14,0.1816,-999,0.7767,-999,-999,-999,-999,-999,-999,-999,-999,-999
"Month 312",0.1,0.5,0.5,0.5345,0.1295,0.0749,0.2,0.0581,0.22801,1.14,0.1816,-999,0.7767,-999,-999,-999,-999,-999,-999,-999,-999,-999
"Month 313",0.1,0.5,0.5,0.5345,0.1754,0.1103,0.2,0.0437,0.21486,1.055,0.31742,-999,0.9492,-999,-999,-999,-999,-999,-999,-999,-999,-999
"Month 314",0.1,0.5,0.5,0.5345,0.1754,0.1103,0.2,0.0437,0.21486,1.055,0.31742,-999,0.9492,-999,-999,-999,-999,-999,-999,-999,-999,-999
"Month 315",0.1,0.5,0.5,0.5345,0.1754,0.1103,0.2,0.0437,0.21486,1.055,0.31742,-999,0.9492,-999,-999,-999,-999,-999,-999,-999,-999,-999
"Month 316",0.1,0.5,0.5,0.5345,0.1754,0.1103,0.2,0.0437,0.21486,1.055,0.31742,-999,0.9492,-999,-999,-999,-999,-999,-999,-999,-999,-999
"Month 317",0.1,0.5,0.5,0.5345,0.1754,0.1103,0.2,0.0437,0.21486,1.055,0.31742,-999,0.9492,-999,-999,-999,-999,-999,-999,-999,-999,-999
"Month 318",0.1,0.5,0.5,0.5345,0.1754,0.1103,0.2,0.0437,0.21486,1.055,0.31742,-999,0.9492,-999,-999,-999,-999,-999,-999,-999,-999,-999
"Month 319",0.1,0.5,0.5,0.5345,0.1754,0.1103,0.2,0.0437,0.21486,1.055,0.31742,-999,0.9492,-999,-999,-999,-999,-999,-999,-999,-999,-999
"Month 320",0.1,0.5,0.5,0.5345,0.1754,0.1103,0.2,0.0437,0.21486,1.055,0.31742,-999,0.9492,-999,-999,-999,-999,-999,-999,-999,-999,-999
"Month 321",0.1,0.5,0.5,0.5345,0.1754,0.1103,0.2,0.0437,0.21486,1.055,0.31742,-999,0.9492,-999,-999,-999,-999,-999,-999,-999,-999,-999
"Month 322",0.1,0.5,0.5,0.5345,0.1754,0.1103,0.2,0.0437,0.21486,1.055,0.31742,-999,0.9492,-999,-999,-999,-999,-999,-999,-999,-999,-999
"Month 323",0.1,0.5,0.5,0.5345,0.1754,0.1103,0.2,0.0437,0.21486,1.055,0.31742,-999,0.9492,-999,-999,-999,-999,-999,-999,-999,-999,-999
"Month 324",0.1,0.5,0.5,0.5345,0.1754,0.1103,0.2,0.0437,0.21486,1.055,0.31742,-999,0.9492,-999,-999,-999,-999,-999,-999,-999,-999,-999
"Month 325",0.1,0.5,0.5,0.5345,0.3154,0.2074,0.2,0.0418,0.31343,0.53,0.2549,-999,1.6147,-999,-999,-999,-999,-999,-999,-999,-999,-999
"Month 326",0.1,0.5,0.5,0.5345,0.3154,0.2074,0.2,0.0418,0.31343,0.53,0.2549,-999,1.6147,-999,-999,-999,-999,-999,-999,-999,-999,-999
"Month 327",0.1,0.5,0.5,0.5345,0.3154,0.2074,0.2,0.0418,0.31343,0.53,0.2549,-999,1.6147,-999,-999,-999,-999,-999,-999,-999,-999,-999
"Month 328",0.1,0.5,0.5,0.5345,0.3154,0.2074,0.2,0.0418,0.31343,0.53,0.2549,-999,1.6147,-999,-999,-999,-999,-999,-999,-999,-999,-999
"Month 329",0.1,0.5,0.5,0.5345,0.3154,0.2074,0.2,0.0418,0.31343,0.53,0.2549,-999,1.6147,-999,-999,-999,-999,-999,-999,-999,-999,-999
"Month 330",0.1,0.5,0.5,0.5345,0.3154,0.2074,0.2,0.0418,0.31343,0.53,0.2549,-999,1.6147,-999,-999,-999,-999,-999,-999,-999,-999,-999
"Month 331",0.1,0.5,0.5,0.5345,0.3154,0.2074,0.2,0.0418,0.31343,0.53,0.2549,-999,1.6147,-999,-999,-999,-999,-999,-999,-999,-999,-999
"Month 332",0.1,0.5,0.5,0.5345,0.3154,0.2074,0.2,0.0418,0.31343,0.53,0.2549,-999,1.6147,-999,-999,-999,-999,-999,-999,-999,-999,-999
"Month 333",0.1,0.5,0.5,0.5345,0.3154,0.2074,0.2,0.0418,0.31343,0.53,0.2549,-999,1.6147,-999,-999,-999,-999,-999,-999,-999,-999,-999
"Month 334",0.1,0.5,0.5,0.5345,0.3154,0.2074,0.2,0.0418,0.31343,0.53,0.2549,-999,1.6147,-999,-999,-999,-999,-999,-999,-999,-999,-999
"Month 335",0.1,0.5,0.5,0.5345,0.3154,0.2074,0.2,0.0418,0.31343,0.53,0.2549,-999,1.6147,-999,-999,-999,-999,-999,-999,-999,-999,-999
"Month 336",0.1,0.5,0.5,0.5345,0.3154,0.2074,0.2,0.0418,0.31343,0.53,0.2549,-999,1.6147,-999,-999,-999,-999,-999,-999,-999,-999,-999
"Month 337",0.1,0.5,0.5,0.5345,0.3622,0.2437,0.2,0.0401,0.36481,1.664,0.1934,-999,0.8827,-999,-999,-999,-999,-999,-999,-999,-999,-999
"Month 338",0.1,0.5,0.5,0.5345,0.3622,0.2437,0.2,0.0401,0.36481,1.664,0.1934,-999,0.8827,-999,-999,-999,-999,-999,-999,-999,-999,-999
"Month 339",0.1,0.5,0.5,0.5345,0.3622,0.2437,0.2,0.0401,0.36481,1.664,0.1934,-999,0.8827,-999,-999,-999,-999,-999,-999,-999,-999,-999
"Month 340",0.1,0.5,0.5,0.5345,0.3622,0.2437,0.2,0.0401,0.36481,1.664,0.1934,-999,0.8827,-999,-999,-999,-999,-999,-999,-999,-999,-999
"Month 341",0.1,0.5,0.5,0.5345,0.3622,0.2437,0.2,0.0401,0.36481,1.664,0.1934,-999,0.8827,-999,-999,-999,-999,-999,-999,-999,-999,-999
"Month 342",0.1,0.5,0.5,0.5345,0.3622,0.2437,0.2,0.0401,0.36481,1.664,0.1934,-999,0.8827,-999,-999,-999,-999,-999,-999,-999,-999,-999
"Month 343",0.1,0.5,0.5,0.5345,0.3622,0.2437,0.2,0.0401,0.36481,1.664,0.1934,-999,0.8827,-999,-999,-999,-999,-999,-999,-999,-999,-999
"Month 344",0.1,0.5,0.5,0.5345,0.3622,0.2437,0.2,0.0401,0.36481,1.664,0.1934,-999,0.8827,-999,-999,-999,-999,-999,-999,-999,-999,-999
"Month 345",0.1,0.5,0.5,0.5345,0.3622,0.2437,0.2,0.0401,0.36481,1.664,0.1934,-999,0.8827,-999,-999,-999,-999,-999,-999,-999,-999,-999
"Month 346",0.1,0.5,0.5,0.5345,0.3622,0.2437,0.2,0.0401,0.36481,1.664,0.1934,-999,0.8827,-999,-999,-999,-999,-999,-999,-999,-999,-999
"Month 347",0.1,0.5,0.5,0.5345,0.3622,0.2437,0.2,0.0401,0.36481,1.664,0.1934,-999,0.8827,-999,-999,-999,-999,-999,-999,-999,-999,-999
"Month 348",0.1,0.5,0.5,0.5345,0.3622,0.2437,0.2,0.0401,0.36481,1.664,0.1934,-999,0.8827,-999,-999,-999,-999,-999,-999,-999,-999,-999
"Month 349",0.1,0.5,0.5,0.5345,0.4293,0.2437,0.2,0.0123,0.49999,0.667,0.61868,-999,0.931,-999,-999,-999,-999,-999,-999,-999,-999,-999
"Month 350",0.1,0.5,0.5,0.5345,0.4293,0.2437,0.2,0.0123,0.49999,0.667,0.61868,-999,0.931,-999,-999,-999,-999,-999,-999,-999,-999,-999
"Month 351",0.1,0.5,0.5,0.5345,0.4293,0.2437,0.2,0.0123,0.49999,0.667,0.61868,-999,0.931,-999,-999,-999,-999,-999,-999,-999,-999,-999
"Month 352",0.1,0.5,0.5,0.5345,0.4293,0.2437,0.2,0.0123,0.49999,0.667,0.61868,-999,0.931,-999,-999,-999,-999,-999,-999,-999,-999,-999
"Month 353",0.1,0.5,0.5,0.5345,0.4293,0.2437,0.2,0.0123,0.49999,0.667,0.61868,-999,0.931,-999,-999,-999,-999,-999,-999,-999,-999,-999
"Month 354",0.1,0.5,0.5,0.5345,0.4293,0.2437,0.2,0.0123,0.49999,0.667,0.61868,-999,0.931,-999,-999,-999,-999,-999,-999,-999,-999,-999
"Month 355",0.1,0.5,0.5,0.5345,0.4293,0.2437,0.2,0.0123,0.49999,0.667,0.61868,-999,0.931,-999,-999,-999,-999,-999,-999,-999,-999,-999
"Month 356",0.1,0.5,0.5,0.5345,0.4293,0.2437,0.2,0.0123,0.49999,0.667,0.61868,-999,0.931,-999,-999,-999,-999,-999,-999,-999,-999,-999
"Month 357",0.1,0.5,0.5,0.5345,0.4293,0.2437,0.2,0.0123,0.49999,0.667,0.61868,-999,0.931,-999,-999,-999,-999,-999,-999,-999,-999,-999
"Month 358",0.1,0.5,0.5,0.5345,0.4293,0.2437,0.2,0.0123,0.49999,0.667,0.61868,-999,0.931,-999,-999,-999,-999,-999,-999,-999,-999,-999
"Month 359",0.1,0.5,0.5,0.5345,0.4293,0.2437,0.2,0.0123,0.49999,0.667,0.61868,-999,0.931,-999,-999,-999,-999,-999,-999,-999,-999,-999
"Month 360",0.1,0.5,0.5,0.5345,0.4293,0.2437,0.2,0.0123,0.49999,0.667,0.61868,-999,0.931,-999,-999,-999,-999,-999,-999,-999,-999,-999
"Month 361",0.1,0.5,0.5,0.5345,0.2709,0.2437,0.2,0.0262,0.76246,1.303,0.87846,-999,0.392,-999,-999,-999,-999,-999,-999,-999,-999,-999
"Month 362",0.1,0.5,0.5,0.5345,0.2709,0.2437,0.2,0.0262,0.76246,1.303,0.87846,-999,0.392,-999,-999,-999,-999,-999,-999,-999,-999,-999
"Month 363",0.1,0.5,0.5,0.5345,0.2709,0.2437,0.2,0.0262,0.76246,1.303,0.87846,-999,0.392,-999,-999,-999,-999,-999,-999,-999,-999,-999
"Month 364",0.1,0.5,0.5,0.5345,0.2709,0.2437,0.2,0.0262,0.76246,1.303,0.87846,-999,0.392,-999,-999,-999,-999,-999,-999,-999,-999,-999
"Month 365",0.1,0.5,0.5,0.5345,0.2709,0.2437,0.2,0.0262,0.76246,1.303,0.87846,-999,0.392,-999,-999,-999,-999,-999,-999,-999,-999,-999
"Month 366",0.1,0.5,0.5,0.5345,0.2709,0.2437,0.2,0.0262,0.76246,1.303,0.87846,-999,0.392,-999,-999,-999,-999,-999,-999,-999,-999,-999
"Month 367",0.1,0.5,0.5,0.5345,0.2709,0.2437,0.2,0.0262,0.76246,1.303,0.87846,-999,0.392,-999,-999,-999,-999,-999,-999,-999,-999,-999
"Month 368",0.1,0.5,0.5,0.5345,0.2709,0.2437,0.2,0.0262,0.76246,1.303,0.87846,-999,0.392,-999,-999,-999,-999,-999,-999,-999,-999,-999
"Month 369",0.1,0.5,0.5,0.5345,0.2709,0.2437,0.2,0.0262,0.76246,1.303,0.87846,-999,0.392,-999,-999,-999,-999,-999,-999,-999,-999,-999
"Month 370",0.1,0.5,0.5,0.5345,0.2709,0.2437,0.2,0.0262,0.76246,1.303,0.87846,-999,0.392,-999,-999,-999,-999,-999,-999,-999,-999,-999
"Month 371",0.1,0.5,0.5,0.5345,0.2709,0.2437,0.2,0.0262,0.76246,1.303,0.87846,-999,0.392,-999,-999,-999,-999,-999,-999,-999,-999,-999
"Month 372",0.1,0.5,0.5,0.5345,0.2709,0.2437,0.2,0.0262,0.76246,1.303,0.87846,-999,0.392,-999,-999,-999,-999,-999,-999,-999,-999,-999
"Month 373",0.1,0.5,0.5,0.5345,0.1641,0.2437,0.2,0.0621,0.71631,0.359,0.14314,-999,0.473,-999,-999,-999,-999,-999,-999,-999,-999,-999
"Month 374",0.1,0.5,0.5,0.5345,0.1641,0.2437,0.2,0.0621,0.71631,0.359,0.14314,-999,0.473,-999,-999,-999,-999,-999,-999,-999,-999,-999
"Month 375",0.1,0.5,0.5,0.5345,0.1641,0.2437,0.2,0.0621,0.71631,0.359,0.14314,-999,0.473,-999,-999,-999,-999,-999,-999,-999,-999,-999
"Month 376",0.1,0.5,0.5,0.5345,0.1641,0.2437,0.2,0.0621,0.71631,0.359,0.14314,-999,0.473,-999,-999,-999,-999,-999,-999,-999,-999,-999
"Month 377",0.1,0.5,0.5,0.5345,0.1641,0.2437,0.2,0.0621,0.71631,0.359,0.14314,-999,0.473,-999,-999,-999,-999,-999,-999,-999,-999,-999
"Month 378",0.1,0.5,0.5,0.5345,0.1641,0.2437,0.2,0.0621,0.71631,0.359,0.14314,-999,0.473,-999,-999,-999,-999,-999,-999,-999,-999,-999
"Month 379",0.1,0.5,0.5,0.5345,0.1641,0.2437,0.2,0.0621,0.71631,0.359,0.14314,-999,0.473,-999,-999,-999,-999,-999,-999,-999,-999,-999
"Month 380",0.1,0.5,0.5,0.5345,0.1641,0.2437,0.2,0.0621,0.71631,0.359,0.14314,-999,0.473,-999,-999,-999,-999,-999,-999,-999,-999,-999
"Month 381",0.1,0.5,0.5,0.5345,0.1641,0.2437,0.2,0.0621,0.71631,0.359,0.14314,-999,0.473,-999,-999,-999,-999,-999,-999,-999,-999,-999
"Month 382",0.1,0.5,0.5,0.5345,0.1641,0.2437,0.2,0.0621,0.71631,0.359,0.14314,-999,0.473,-999,-999,-999,-999,-999,-999,-999,-999,-999
"Month 383",0.1,0.5,0.5,0.5345,0.1641,0.2437,0.2,0.0621,0.71631,0.359,0.14314,-999,0.473,-999,-999,-999,-999,-999,-999,-999,-999,-999
"Month 384",0.1,0.5,0.5,0.5345,0.1641,0.2437,0.2,0.0621,0.71631,0.359,0.14314,-999,0.473,-999,-999,-999,-999,-999,-999,-999,-999,-999
"Month 385",0.1,0.5,0.5,0.5345,0.1404,0.2437,0.2,0.0837,0.44207,0.294,0.38708,-999,0.4576,-999,-999,-999,-999,-999,-999,-999,-999,-999
"Month 386",0.1,0.5,0.5,0.5345,0.1404,0.2437,0.2,0.0837,0.44207,0.294,0.38708,-999,0.4576,-999,-999,-999,-999,-999,-999,-999,-999,-999
"Month 387",0.1,0.5,0.5,0.5345,0.1404,0.2437,0.2,0.0837,0.44207,0.294,0.38708,-999,0.4576,-999,-999,-999,-999,-999,-999,-999,-999,-999
"Month 388",0.1,0.5,0.5,0.5345,0.1404,0.2437,0.2,0.0837,0.44207,0.294,0.38708,-999,0.4576,-999,-999,-999,-999,-999,-999,-999,-999,-999
"Month 389",0.1,0.5,0.5,0.5345,0.1404,0.2437,0.2,0.0837,0.44207,0.294,0.38708,-999,0.4576,-999,-999,-999,-999,-999,-999,-999,-999,-999
"Month 390",0.1,0.5,0.5,0.5345,0.1404,0.2437,0.2,0.0837,0.44207,0.294,0.38708,-999,0.4576,-999,-999,-999,-999,-999,-999,-999,-999,-999
"Month 391",0.1,0.5,0.5,0.5345,0.1404,0.2437,0.2,0.0837,0.44207,0.294,0.38708,-999,0.4576,-999,-999,-999,-999,-999,-999,-999,-999,-999
"Month 392",0.1,0.5,0.5,0.5345,0.1404,0.2437,0.2,0.0837,0.44207,0.294,0.38708,-999,0.4576,-999,-999,-999,-999,-999,-999,-999,-999,-999
"Month 393",0.1,0.5,0.5,0.5345,0.1404,0.2437,0.2,0.0837,0.44207,0.294,0.38708,-999,0.4576,-999,-999,-999,-999,-999,-999,-999,-999,-999
"Month 394",0.1,0.5,0.5,0.5345,0.1404,0.2437,0.2,0.0837,0.44207,0.294,0.38708,-999,0.4576,-999,-999,-999,-999,-999,-999,-999,-999,-999
"Month 395",0.1,0.5,0.5,0.5345,0.1404,0.2437,0.2,0.0837,0.44207,0.294,0.38708,-999,0.4576,-999,-999,-999,-999,-999,-999,-999,-999,-999
"Month 396",0.1,0.5,0.5,0.5345,0.1404,0.2437,0.2,0.0837,0.44207,0.294,0.38708,-999,0.4576,-999,-999,-999,-999,-999,-999,-999,-999,-999
"Month 397",0.1,0.5,0.5,0.5345,0.1134,0.2437,0.2,0.0837,0.0903,0.294,0.119,-999,0.3795,-999,-999,-999,-999,-999,-999,-999,-999,-999
"Month 398",0.1,0.5,0.5,0.5345,0.1134,0.2437,0.2,0.0837,0.0903,0.294,0.119,-999,0.3795,-999,-999,-999,-999,-999,-999,-999,-999,-999
"Month 399",0.1,0.5,0.5,0.5345,0.1134,0.2437,0.2,0.0837,0.0903,0.294,0.119,-999,0.3795,-999,-999,-999,-999,-999,-999,-999,-999,-999
"Month 400",0.1,0.5,0.5,0.5345,0.1134,0.2437,0.2,0.0837,0.0903,0.294,0.119,-999,0.3795,-999,-999,-999,-999,-999,-999,-999,-999,-999
"Month 401",0.1,0.5,0.5,0.5345,0.1134,0.2437,0.2,0.0837,0.0903,0.294,0.119,-999,0.3795,-999,-999,-999,-999,-999,-999,-999,-999,-999
"Month 402",0.1,0.5,0.5,0.5345,0.1134,0.2437,0.2,0.0837,0.0903,0.294,0.119,-999,0.3795,-999,-999,-999,-999,-999,-999,-999,-999,-999
"Month 403",0.1,0.5,0.5,0.5345,0.1134,0.2437,0.2,0.0837,0.0903,0.294,0.119,-999,0.3795,-999,-999,-999,-999,-999,-999,-999,-999,-999
"Month 404",0.1,0.5,0.5,0.5345,0.1134,0.2437,0.2,0.0837,0.0903,0.294,0.119,-999,0.3795,-999,-999,-999,-999,-999,-999,-999,-999,-999
"Month 405",0.1,0.5,0.5,0.5345,0.1134,0.2437,0.2,0.0837,0.0903,0.294,0.119,-999,0.3795,-999,-999,-999,-999,-999,-999,-999,-999,-999
"Month 406",0.1,0.5,0.5,0.5345,0.1134,0.2437,0.2,0.0837,0.0903,0.294,0.119,-999,0.3795,-999,-999,-999,-999,-999,-999,-999,-999,-999
"Month 407",0.1,0.5,0.5,0.5345,0.1134,0.2437,0.2,0.0837,0.0903,0.294,0.119,-999,0.3795,-999,-999,-999,-999,-999,-999,-999,-999,-999
"Month 408",0.1,0.5,0.5,0.5345,0.1134,0.2437,0.2,0.0837,0.0903,0.294,0.119,-999,0.3795,-999,-999,-999,-999,-999,-999,-999,-999,-999
"Month 409",0.1,0.5,0.5,0.5345,0.1727,0.2437,0.2,0.0837,0.08944,0.294,0.1494,-999,0.88756,-999,-999,-999,-999,-999,-999,-999,-999,-999
"Month 410",0.1,0.5,0.5,0.5345,0.1727,0.2437,0.2,0.0837,0.08944,0.294,0.1494,-999,0.88756,-999,-999,-999,-999,-999,-999,-999,-999,-999
"Month 411",0.1,0.5,0.5,0.5345,0.1727,0.2437,0.2,0.0837,0.08944,0.294,0.1494,-999,0.88756,-999,-999,-999,-999,-999,-999,-999,-999,-999
"Month 412",0.1,0.5,0.5,0.5345,0.1727,0.2437,0.2,0.0837,0.08944,0.294,0.1494,-999,0.88756,-999,-999,-999,-999,-999,-999,-999,-999,-999
"Month 413",0.1,0.5,0.5,0.5345,0.1727,0.2437,0.2,0.0837,0.08944,0.294,0.1494,-999,0.88756,-999,-999,-999,-999,-999,-999,-999,-999,-999
"Month 414",0.1,0.5,0.5,0.5345,0.1727,0.2437,0.2,0.0837,0.08944,0.294,0.1494,-999,0.88756,-999,-999,-999,-999,-999,-999,-999,-999,-999
"Month 415",0.1,0.5,0.5,0.5345,0.1727,0.2437,0.2,0.0837,0.08944,0.294,0.1494,-999,0.88756,-999,-999,-999,-999,-999,-999,-999,-999,-999
"Month 416",0.1,0.5,0.5,0.5345,0.1727,0.2437,0.2,0.0837,0.08944,0.294,0.1494,-999,0.88756,-999,-999,-999,-999,-999,-999,-999,-999,-999
"Month 417",0.1,0.5,0.5,0.5345,0.1727,0.2437,0.2,0.0837,0.08944,0.294,0.1494,-999,0.88756,-999,-999,-999,-999,-999,-999,-999,-999,-999
"Month 418",0.1,0.5,0.5,0.5345,0.1727,0.2437,0.2,0.0837,0.08944,0.294,0.1494,-999,0.88756,-999,-999,-999,-999,-999,-999,-999,-999,-999
"Month 419",0.1,0.5,0.5,0.5345,0.1727,0.2437,0.2,0.0837,0.08944,0.294,0.1494,-999,0.88756,-999,-999,-999,-999,-999,-999,-999,-999,-999
"Month 420",0.1,0.5,0.5,0.5345,0.1727,0.2437,0.2,0.0837,0.08944,0.294,0.1494,-999,0.88756,-999,-999,-999,-999,-999,-999,-999,-999,-999
"Month 421",0.1,0.5,0.5,0.5345,0.1727,0.2437,0.2,0.0837,0.6467,0.294,0.2348,-999,0.85438,-999,-999,-999,-999,-999,-999,-999,-999,-999
"Month 422",0.1,0.5,0.5,0.5345,0.1727,0.2437,0.2,0.0837,0.6467,0.294,0.2348,-999,0.85438,-999,-999,-999,-999,-999,-999,-999,-999,-999
"Month 423",0.1,0.5,0.5,0.5345,0.1727,0.2437,0.2,0.0837,0.6467,0.294,0.2348,-999,0.85438,-999,-999,-999,-999,-999,-999,-999,-999,-999
"Month 424",0.1,0.5,0.5,0.5345,0.1727,0.2437,0.2,0.0837,0.6467,0.294,0.2348,-999,0.85438,-999,-999,-999,-999,-999,-999,-999,-999,-999
"Month 425",0.1,0.5,0.5,0.5345,0.1727,0.2437,0.2,0.0837,0.6467,0.294,0.2348,-999,0.85438,-999,-999,-999,-999,-999,-999,-999,-999,-999
"Month 426",0.1,0.5,0.5,0.5345,0.1727,0.2437,0.2,0.0837,0.6467,0.294,0.2348,-999,0.85438,-999,-999,-999,-999,-999,-999,-999,-999,-999
"Month 427",0.1,0.5,0.5,0.5345,0.1727,0.2437,0.2,0.0837,0.6467,0.294,0.2348,-999,0.85438,-999,-999,-999,-999,-999,-999,-999,-999,-999
"Month 428",0.1,0.5,0.5,0.5345,0.1727,0.2437,0.2,0.0837,0.6467,0.294,0.2348,-999,0.85438,-999,-999,-999,-999,-999,-999,-999,-999,-999
"Month 429",0.1,0.5,0.5,0.5345,0.1727,0.2437,0.2,0.0837,0.6467,0.294,0.2348,-999,0.85438,-999,-999,-999,-999,-999,-999,-999,-999,-999
"Month 430",0.1,0.5,0.5,0.5345,0.1727,0.2437,0.2,0.0837,0.6467,0.294,0.2348,-999,0.85438,-999,-999,-999,-999,-999,-999,-999,-999,-999
"Month 431",0.1,0.5,0.5,0.5345,0.1727,0.2437,0.2,0.0837,0.6467,0.294,0.2348,-999,0.85438,-999,-999,-999,-999,-999,-999,-999,-999,-999
"Month 432",0.1,0.5,0.5,0.5345,0.1727,0.2437,0.2,0.0837,0.6467,0.294,0.2348,-999,0.85438,-999,-999,-999,-999,-999,-999,-999,-999,-999
"Month 433",0.1,0.5,0.5,0.5345,0.1727,0.2437,0.2,0.0837,0.56,0.294,0.2348,-999,0.74654,-999,-999,-999,-999,-999,-999,-999,-999,-999
"Month 434",0.1,0.5,0.5,0.5345,0.1727,0.2437,0.2,0.0837,0.56,0.294,0.2348,-999,0.74654,-999,-999,-999,-999,-999,-999,-999,-999,-999
"Month 435",0.1,0.5,0.5,0.5345,0.1727,0.2437,0.2,0.0837,0.56,0.294,0.2348,-999,0.74654,-999,-999,-999,-999,-999,-999,-999,-999,-999
"Month 436",0.1,0.5,0.5,0.5345,0.1727,0.2437,0.2,0.0837,0.56,0.294,0.2348,-999,0.74654,-999,-999,-999,-999,-999,-999,-999,-999,-999
"Month 437",0.1,0.5,0.5,0.5345,0.1727,0.2437,0.2,0.0837,0.56,0.294,0.2348,-999,0.74654,-999,-999,-999,-999,-999,-999,-999,-999,-999
"Month 438",0.1,0.5,0.5,0.5345,0.1727,0.2437,0.2,0.0837,0.56,0.294,0.2348,-999,0.74654,-999,-999,-999,-999,-999,-999,-999,-999,-999
"Month 439",0.1,0.5,0.5,0.5345,0.1727,0.2437,0.2,0.0837,0.56,0.294,0.2348,-999,0.74654,-999,-999,-999,-999,-999,-999,-999,-999,-999
"Month 440",0.1,0.5,0.5,0.5345,0.1727,0.2437,0.2,0.0837,0.56,0.294,0.2348,-999,0.74654,-999,-999,-999,-999,-999,-999,-999,-999,-999
"Month 441",0.1,0.5,0.5,0.5345,0.1727,0.2437,0.2,0.0837,0.56,0.294,0.2348,-999,0.74654,-999,-999,-999,-999,-999,-999,-999,-999,-999
"Month 442",0.1,0.5,0.5,0.5345,0.1727,0.2437,0.2,0.0837,0.56,0.294,0.2348,-999,0.74654,-999,-999,-999,-999,-999,-999,-999,-999,-999
"Month 443",0.1,0.5,0.5,0.5345,0.1727,0.2437,0.2,0.0837,0.56,0.294,0.2348,-999,0.74654,-999,-999,-999,-999,-999,-999,-999,-999,-999
"Month 444",0.1,0.5,0.5,0.5345,0.1727,0.2437,0.2,0.0837,0.56,0.294,0.2348,-999,0.74654,-999,-999,-999,-999,-999,-999,-999,-999,-999
"Month 445",0.1,0.5,0.5,0.5345,0.1727,0.2437,0.2,0.0837,0.6333,0.294,0.2656,-999,0.57235,-999,-999,-999,-999,-999,-999,-999,-999,-999
"Month 446",0.1,0.5,0.5,0.5345,0.1727,0.2437,0.2,0.0837,0.6333,0.294,0.2656,-999,0.57235,-999,-999,-999,-999,-999,-999,-999,-999,-999
"Month 447",0.1,0.5,0.5,0.5345,0.1727,0.2437,0.2,0.0837,0.6333,0.294,0.2656,-999,0.57235,-999,-999,-999,-999,-999,-999,-999,-999,-999
"Month 448",0.1,0.5,0.5,0.5345,0.1727,0.2437,0.2,0.0837,0.6333,0.294,0.2656,-999,0.57235,-999,-999,-999,-999,-999,-999,-999,-999,-999
"Month 449",0.1,0.5,0.5,0.5345,0.1727,0.2437,0.2,0.0837,0.6333,0.294,0.2656,-999,0.57235,-999,-999,-999,-999,-999,-999,-999,-999,-999
"Month 450",0.1,0.5,0.5,0.5345,0.1727,0.2437,0.2,0.0837,0.6333,0.294,0.2656,-999,0.57235,-999,-999,-999,-999,-999,-999,-999,-999,-999
"Month 451",0.1,0.5,0.5,0.5345,0.1727,0.2437,0.2,0.0837,0.6333,0.294,0.2656,-999,0.57235,-999,-999,-999,-999,-999,-999,-999,-999,-999
"Month 452",0.1,0.5,0.5,0.5345,0.1727,0.2437,0.2,0.0837,0.6333,0.294,0.2656,-999,0.57235,-999,-999,-999,-999,-999,-999,-999,-999,-999
"Month 453",0.1,0.5,0.5,0.5345,0.1727,0.2437,0.2,0.0837,0.6333,0.294,0.2656,-999,0.57235,-999,-999,-999,-999,-999,-999,-999,-999,-999
"Month 454",0.1,0.5,0.5,0.5345,0.1727,0.2437,0.2,0.0837,0.6333,0.294,0.2656,-999,0.57235,-999,-999,-999,-999,-999,-999,-999,-999,-999
"Month 455",0.1,0.5,0.5,0.5345,0.1727,0.2437,0.2,0.0837,0.6333,0.294,0.2656,-999,0.57235,-999,-999,-999,-999,-999,-999,-999,-999,-999
"Month 456",0.1,0.5,0.5,0.5345,0.1727,0.2437,0.2,0.0837,0.6333,0.294,0.2656,-999,0.57235,-999,-999,-999,-999,-999,-999,-999,-999,-999
"Month 457",0.1,0.5,0.5,0.5345,0.1727,0.2437,0.2,0.0837,0.4533,0.294,0.2893,-999,0.72166,-999,-999,-999,-999,-999,-999,-999,-999,-999
"Month 458",0.1,0.5,0.5,0.5345,0.1727,0.2437,0.2,0.0837,0.4533,0.294,0.2893,-999,0.72166,-999,-999,-999,-999,-999,-999,-999,-999,-999
"Month 459",0.1,0.5,0.5,0.5345,0.1727,0.2437,0.2,0.0837,0.4533,0.294,0.2893,-999,0.72166,-999,-999,-999,-999,-999,-999,-999,-999,-999
"Month 460",0.1,0.5,0.5,0.5345,0.1727,0.2437,0.2,0.0837,0.4533,0.294,0.2893,-999,0.72166,-999,-999,-999,-999,-999,-999,-999,-999,-999
"Month 461",0.1,0.5,0.5,0.5345,0.1727,0.2437,0.2,0.0837,0.4533,0.294,0.2893,-999,0.72166,-999,-999,-999,-999,-999,-999,-999,-999,-999
"Month 462",0.1,0.5,0.5,0.5345,0.1727,0.2437,0.2,0.0837,0.4533,0.294,0.2893,-999,0.72166,-999,-999,-999,-999,-999,-999,-999,-999,-999
"Month 463",0.1,0.5,0.5,0.5345,0.1727,0.2437,0.2,0.0837,0.4533,0.294,0.2893,-999,0.72166,-999,-999,-999,-999,-999,-999,-999,-999,-999
"Month 464",0.1,0.5,0.5,0.5345,0.1727,0.2437,0.2,0.0837,0.4533,0.294,0.2893,-999,0.72166,-999,-999,-999,-999,-999,-999,-999,-999,-999
"Month 465",0.1,0.5,0.5,0.5345,0.1727,0.2437,0.2,0.0837,0.4533,0.294,0.2893,-999,0.72166,-999,-999,-999,-999,-999,-999,-999,-999,-999
"Month 466",0.1,0.5,0.5,0.5345,0.1727,0.2437,0.2,0.0837,0.4533,0.294,0.2893,-999,0.72166,-999,-999,-999,-999,-999,-999,-999,-999,-999
"Month 467",0.1,0.5,0.5,0.5345,0.1727,0.2437,0.2,0.0837,0.4533,0.294,0.2893,-999,0.72166,-999,-999,-999,-999,-999,-999,-999,-999,-999
"Month 468",0.1,0.5,0.5,0.5345,0.1727,0.2437,0.2,0.0837,0.4533,0.294,0.2893,-999,0.72166,-999,-999,-999,-999,-999,-999,-999,-999,-999
"Month 469",0.1,0.5,0.5,0.5345,0.1727,0.2437,0.2,0.0837,0.66,0.294,0.1968,-999,0.74654,-999,-999,-999,-999,-999,-999,-999,-999,-999
"Month 470",0.1,0.5,0.5,0.5345,0.1727,0.2437,0.2,0.0837,0.66,0.294,0.1968,-999,0.74654,-999,-999,-999,-999,-999,-999,-999,-999,-999
"Month 471",0.1,0.5,0.5,0.5345,0.1727,0.2437,0.2,0.0837,0.66,0.294,0.1968,-999,0.74654,-999,-999,-999,-999,-999,-999,-999,-999,-999
"Month 472",0.1,0.5,0.5,0.5345,0.1727,0.2437,0.2,0.0837,0.66,0.294,0.1968,-999,0.74654,-999,-999,-999,-999,-999,-999,-999,-999,-999
"Month 473",0.1,0.5,0.5,0.5345,0.1727,0.2437,0.2,0.0837,0.66,0.294,0.1968,-999,0.74654,-999,-999,-999,-999,-999,-999,-999,-999,-999
"Month 474",0.1,0.5,0.5,0.5345,0.1727,0.2437,0.2,0.0837,0.66,0.294,0.1968,-999,0.74654,-999,-999,-999,-999,-999,-999,-999,-999,-999
"Month 475",0.1,0.5,0.5,0.5345,0.1727,0.2437,0.2,0.0837,0.66,0.294,0.1968,-999,0.74654,-999,-999,-999,-999,-999,-999,-999,-999,-999
"Month 476",0.1,0.5,0.5,0.5345,0.1727,0.2437,0.2,0.0837,0.66,0.294,0.1968,-999,0.74654,-999,-999,-999,-999,-999,-999,-999,-999,-999
"Month 477",0.1,0.5,0.5,0.5345,0.1727,0.2437,0.2,0.0837,0.66,0.294,0.1968,-999,0.74654,-999,-999,-999,-999,-999,-999,-999,-999,-999
"Month 478",0.1,0.5,0.5,0.5345,0.1727,0.2437,0.2,0.0837,0.66,0.294,0.1968,-999,0.74654,-999,-999,-999,-999,-999,-999,-999,-999,-999
"Month 479",0.1,0.5,0.5,0.5345,0.1727,0.2437,0.2,0.0837,0.66,0.294,0.1968,-999,0.74654,-999,-999,-999,-999,-999,-999,-999,-999,-999
"Month 480",0.1,0.5,0.5,0.5345,0.1727,0.2437,0.2,0.0837,0.66,0.294,0.1968,-999,0.74654,-999,-999,-999,-999,-999,-999,-999,-999,-999
